[21:30:45] [main/INFO]: Loading Minecraft 1.21.4 with Fabric Loader 0.19.5
[21:30:46] [main/INFO]: Loading 67 mods:
	- baritone-meteor 1.21.4-SNAPSHOT
	   \-- dev_babbaj_nether-pathfinder 1.4.1
	- delta 3.0.14
	   |-- com_google_code_findbugs_jsr305 3.0.2
	   |-- com_google_code_gson_gson 2.11.0
	   |-- com_google_errorprone_error_prone_annotations 2.27.0
	   |-- org_apache_commons_commons-lang3 3.18.0
	   |-- org_apache_logging_log4j_log4j-api 2.24.1
	   |-- org_java-websocket_java-websocket 1.5.6
	   |-- org_javassist_javassist 3.28.0-GA
	   |-- org_json_json 20250107
	   |-- org_jsoup_jsoup 1.18.3
	   |-- org_reflections_reflections 0.10.2
	   \-- org_slf4j_slf4j-api 2.0.6
	- fabric-api 0.119.4+1.21.4
	   |-- fabric-api-base 0.4.54+b47eab6b04
	   |-- fabric-api-lookup-api-v1 1.6.86+b1caf1e904
	   |-- fabric-biome-api-v1 15.0.6+b1c29d8e04
	   |-- fabric-block-api-v1 1.0.31+7feeb73304
	   |-- fabric-block-view-api-v2 1.0.20+9c49cc8c04
	   |-- fabric-blockrenderlayer-v1 2.0.8+7feeb73304
	   |-- fabric-client-tags-api-v1 1.1.29+20ea1e2304
	   |-- fabric-command-api-v1 1.2.62+f71b366f04
	   |-- fabric-command-api-v2 2.2.41+e496eb1504
	   |-- fabric-commands-v0 0.2.79+df3654b304
	   |-- fabric-content-registries-v0 9.1.19+25d1a67604
	   |-- fabric-convention-tags-v1 2.1.20+7f945d5b04
	   |-- fabric-convention-tags-v2 2.14.1+aebda09404
	   |-- fabric-crash-report-info-v1 0.3.6+7feeb73304
	   |-- fabric-data-attachment-api-v1 1.6.2+e99da0f704
	   |-- fabric-data-generation-api-v1 22.3.1+0f4e5f5504
	   |-- fabric-dimensions-v1 4.0.10+7feeb73304
	   |-- fabric-entity-events-v1 2.0.15+62245bef04
	   |-- fabric-events-interaction-v0 4.0.4+a4eebcf004
	   |-- fabric-game-rule-api-v1 1.0.63+7d48d43904
	   |-- fabric-item-api-v1 11.4.0+189dd6fe04
	   |-- fabric-item-group-api-v1 4.2.2+fcb9601404
	   |-- fabric-key-binding-api-v1 1.0.57+7d48d43904
	   |-- fabric-keybindings-v0 0.2.55+df3654b304
	   |-- fabric-lifecycle-events-v1 2.5.4+bf2a60eb04
	   |-- fabric-loot-api-v2 3.0.38+3f89f5a504
	   |-- fabric-loot-api-v3 1.0.26+203e6b2304
	   |-- fabric-message-api-v1 6.0.26+238a33c004
	   |-- fabric-model-loading-api-v1 4.3.0+ae23723504
	   |-- fabric-networking-api-v1 4.4.0+db5e668204
	   |-- fabric-object-builder-api-v1 18.0.14+38b0d59804
	   |-- fabric-particles-v1 4.0.14+7feeb73304
	   |-- fabric-recipe-api-v1 8.1.1+640e77ae04
	   |-- fabric-registry-sync-v0 6.1.11+4a9c1ece04
	   |-- fabric-renderer-api-v1 5.0.3+50f0feb204
	   |-- fabric-renderer-indigo 2.0.3+50f0feb204
	   |-- fabric-rendering-data-attachment-v1 0.3.58+73761d2e04
	   |-- fabric-rendering-fluids-v1 3.1.19+7feeb73304
	   |-- fabric-rendering-v1 10.2.1+0d31b09f04
	   |-- fabric-resource-conditions-api-v1 5.0.13+203e6b2304
	   |-- fabric-resource-loader-v0 3.1.1+360374ac04
	   |-- fabric-screen-api-v1 2.0.38+7feeb73304
	   |-- fabric-screen-handler-api-v1 1.3.118+7feeb73304
	   |-- fabric-sound-api-v1 1.0.32+7feeb73304
	   |-- fabric-tag-api-v1 1.0.7+7d48d43904
	   |-- fabric-transfer-api-v1 5.4.9+efa825c904
	   \-- fabric-transitive-access-wideners-v1 6.3.2+56e78b9b04
	- fabricloader 0.19.5
	   \-- mixinextras 0.5.5
	- geckolib 4.8.5
	- java 21
	- minecraft 1.21.4
[21:30:46] [main/INFO]: SpongePowered MIXIN Subsystem Version=0.8.7 Source=file:/C:/AirDLC/libraries/net/fabricmc/sponge-mixin/0.17.4+mixin.0.8.7/sponge-mixin-0.17.4+mixin.0.8.7.jar Service=Knot/Fabric Env=CLIENT
[21:30:49] [main/INFO]: Initializing MixinExtras via com.llamalad7.mixinextras.service.MixinExtrasServiceImpl(version=0.5.5).
[21:30:52] [Datafixer Bootstrap/INFO]: 243 Datafixer optimizations took 829 milliseconds
[21:31:07] [Render thread/ERROR]: Can't open the resource index file: C:\AirDLC\assets\indexes\5.json
[21:31:08] [Render thread/INFO]: Environment: Environment[sessionHost=https://account.ely.by/api/authlib-injector/sessionserver, servicesHost=https://account.ely.by/api/mojang/services, name=ELY]
[21:31:08] [Render thread/INFO]: Setting user: Player
[21:31:09] [Render thread/INFO]: [STDOUT]: [TelegramNotifier] sendMessage failed: 404 {"ok":false,"error_code":404,"description":"Not Found"}
[21:31:10] [Render thread/INFO]: [STDOUT]: setup - [MacrosProcessor, CollectorProcessor, AutoBuyProcessor, CosmeticsProcessor, FriendProcessor, NotificationProcessor, ResourcePacksProcessor, StaffProcessor, ThemeProcessor, AccountProcessor, ModuleProcessor, RotationProcessor, DiscordProcessor, Draw2DProcessor, DragProcessor, Draw3DProcessor, CommandProcessor, BatchProcessor, HandlerProcessor]
[21:31:10] [Render thread/INFO]: [Indigo] Registering Indigo renderer!
[21:31:11] [Render thread/INFO]: Backend library: LWJGL version 3.3.3-snapshot
[21:31:12] [Render thread/ERROR]: Couldn't set icon
java.io.FileNotFoundException: icons/icon_16x16.png
	at knot/net.minecraft.class_8518.method_51419(class_8518.java:41) ~[client-intermediary.jar:?]
	at knot/net.minecraft.class_8518.method_51418(class_8518.java:25) ~[client-intermediary.jar:?]
	at knot/net.minecraft.class_1041.method_4491(class_1041.java:178) ~[client-intermediary.jar:?]
	at knot/net.minecraft.class_310.<init>(class_310.java:522) [client-intermediary.jar:?]
	at knot/net.minecraft.client.main.Main.main(Main.java:250) [client-intermediary.jar:?]
	at net.fabricmc.loader.impl.game.minecraft.MinecraftGameProvider.launch(MinecraftGameProvider.java:517) [fabric-loader-0.19.5.jar:?]
	at net.fabricmc.loader.impl.launch.knot.Knot.launch(Knot.java:72) [fabric-loader-0.19.5.jar:?]
	at net.fabricmc.loader.launch.knot.KnotClient.main(KnotClient.java:28) [fabric-loader-0.19.5.jar:?]
[21:31:14] [Render thread/INFO]: Reloading ResourceManager: vanilla, fabric, delta, fabric-api, fabric-api-base, fabric-api-lookup-api-v1, fabric-biome-api-v1, fabric-block-api-v1, fabric-block-view-api-v2, fabric-blockrenderlayer-v1, fabric-client-tags-api-v1, fabric-command-api-v1, fabric-command-api-v2, fabric-commands-v0, fabric-content-registries-v0, fabric-convention-tags-v1, fabric-convention-tags-v2, fabric-crash-report-info-v1, fabric-data-attachment-api-v1, fabric-data-generation-api-v1, fabric-dimensions-v1, fabric-entity-events-v1, fabric-events-interaction-v0, fabric-game-rule-api-v1, fabric-item-api-v1, fabric-item-group-api-v1, fabric-key-binding-api-v1, fabric-keybindings-v0, fabric-lifecycle-events-v1, fabric-loot-api-v2, fabric-loot-api-v3, fabric-message-api-v1, fabric-model-loading-api-v1, fabric-networking-api-v1, fabric-object-builder-api-v1, fabric-particles-v1, fabric-recipe-api-v1, fabric-registry-sync-v0, fabric-renderer-api-v1, fabric-renderer-indigo, fabric-rendering-data-attachment-v1, fabric-rendering-fluids-v1, fabric-rendering-v1, fabric-resource-conditions-api-v1, fabric-resource-loader-v0, fabric-screen-api-v1, fabric-screen-handler-api-v1, fabric-sound-api-v1, fabric-tag-api-v1, fabric-transfer-api-v1, fabric-transitive-access-wideners-v1, fabricloader
[21:31:15] [Render thread/INFO]: [CHAT] [Baritone] Baritone settings file not found, resetting.
[21:31:16] [Render thread/INFO]: [STDOUT]: [nether-pathfinder] Created temp file at C:\Users\premi\AppData\Local\Temp\nether_pathfinder-x86_6415881141567312678150.dll
[21:31:16] [Render thread/INFO]: [STDERR]: [nether-pathfinder] Failed to delete temp file
[21:31:16] [Render thread/INFO]: [STDOUT]: [nether-pathfinder] Loaded shared library
[21:31:19] [Render thread/WARN]: Missing sound for event: minecraft:entity.allay.ambient_with_item
[21:31:19] [Render thread/WARN]: Missing sound for event: minecraft:entity.allay.ambient_without_item
[21:31:19] [Render thread/WARN]: Missing sound for event: minecraft:entity.allay.death
[21:31:19] [Render thread/WARN]: Missing sound for event: minecraft:entity.allay.hurt
[21:31:19] [Render thread/WARN]: Missing sound for event: minecraft:entity.allay.item_given
[21:31:19] [Render thread/WARN]: Missing sound for event: minecraft:entity.allay.item_taken
[21:31:19] [Render thread/WARN]: Missing sound for event: minecraft:entity.allay.item_thrown
[21:31:19] [Render thread/WARN]: Missing sound for event: minecraft:ambient.cave
[21:31:19] [Render thread/WARN]: Missing sound for event: minecraft:ambient.basalt_deltas.additions
[21:31:19] [Render thread/WARN]: Missing sound for event: minecraft:ambient.basalt_deltas.loop
[21:31:19] [Render thread/WARN]: Missing sound for event: minecraft:ambient.basalt_deltas.mood
[21:31:19] [Render thread/WARN]: Missing sound for event: minecraft:ambient.crimson_forest.additions
[21:31:19] [Render thread/WARN]: Missing sound for event: minecraft:ambient.crimson_forest.loop
[21:31:19] [Render thread/WARN]: Missing sound for event: minecraft:ambient.crimson_forest.mood
[21:31:19] [Render thread/WARN]: Missing sound for event: minecraft:ambient.nether_wastes.additions
[21:31:19] [Render thread/WARN]: Missing sound for event: minecraft:ambient.nether_wastes.loop
[21:31:19] [Render thread/WARN]: Missing sound for event: minecraft:ambient.nether_wastes.mood
[21:31:19] [Render thread/WARN]: Missing sound for event: minecraft:ambient.soul_sand_valley.additions
[21:31:19] [Render thread/WARN]: Missing sound for event: minecraft:ambient.soul_sand_valley.loop
[21:31:19] [Render thread/WARN]: Missing sound for event: minecraft:ambient.soul_sand_valley.mood
[21:31:19] [Render thread/WARN]: Missing sound for event: minecraft:ambient.warped_forest.additions
[21:31:19] [Render thread/WARN]: Missing sound for event: minecraft:ambient.warped_forest.loop
[21:31:19] [Render thread/WARN]: Missing sound for event: minecraft:ambient.warped_forest.mood
[21:31:19] [Render thread/WARN]: Missing sound for event: minecraft:ambient.underwater.enter
[21:31:19] [Render thread/WARN]: Missing sound for event: minecraft:ambient.underwater.exit
[21:31:19] [Render thread/WARN]: Missing sound for event: minecraft:ambient.underwater.loop
[21:31:19] [Render thread/WARN]: Missing sound for event: minecraft:ambient.underwater.loop.additions
[21:31:19] [Render thread/WARN]: Missing sound for event: minecraft:ambient.underwater.loop.additions.rare
[21:31:19] [Render thread/WARN]: Missing sound for event: minecraft:ambient.underwater.loop.additions.ultra_rare
[21:31:19] [Render thread/WARN]: Missing sound for event: minecraft:block.amethyst_block.break
[21:31:19] [Render thread/WARN]: Missing sound for event: minecraft:block.amethyst_block.chime
[21:31:19] [Render thread/WARN]: Missing sound for event: minecraft:block.amethyst_block.fall
[21:31:19] [Render thread/WARN]: Missing sound for event: minecraft:block.amethyst_block.hit
[21:31:19] [Render thread/WARN]: Missing sound for event: minecraft:block.amethyst_block.place
[21:31:19] [Render thread/WARN]: Missing sound for event: minecraft:block.amethyst_block.resonate
[21:31:19] [Render thread/WARN]: Missing sound for event: minecraft:block.amethyst_block.step
[21:31:19] [Render thread/WARN]: Missing sound for event: minecraft:block.amethyst_cluster.break
[21:31:19] [Render thread/WARN]: Missing sound for event: minecraft:block.amethyst_cluster.fall
[21:31:19] [Render thread/WARN]: Missing sound for event: minecraft:block.amethyst_cluster.hit
[21:31:19] [Render thread/WARN]: Missing sound for event: minecraft:block.amethyst_cluster.place
[21:31:19] [Render thread/WARN]: Missing sound for event: minecraft:block.amethyst_cluster.step
[21:31:19] [Render thread/WARN]: Missing sound for event: minecraft:block.ancient_debris.break
[21:31:19] [Render thread/WARN]: Missing sound for event: minecraft:block.ancient_debris.step
[21:31:19] [Render thread/WARN]: Missing sound for event: minecraft:block.ancient_debris.place
[21:31:19] [Render thread/WARN]: Missing sound for event: minecraft:block.ancient_debris.hit
[21:31:19] [Render thread/WARN]: Missing sound for event: minecraft:block.ancient_debris.fall
[21:31:19] [Render thread/WARN]: Missing sound for event: minecraft:block.anvil.break
[21:31:19] [Render thread/WARN]: Missing sound for event: minecraft:block.anvil.destroy
[21:31:19] [Render thread/WARN]: Missing sound for event: minecraft:block.anvil.fall
[21:31:19] [Render thread/WARN]: Missing sound for event: minecraft:block.anvil.hit
[21:31:19] [Render thread/WARN]: Missing sound for event: minecraft:block.anvil.land
[21:31:19] [Render thread/WARN]: Missing sound for event: minecraft:block.anvil.place
[21:31:19] [Render thread/WARN]: Missing sound for event: minecraft:block.anvil.step
[21:31:19] [Render thread/WARN]: Missing sound for event: minecraft:block.anvil.use
[21:31:19] [Render thread/WARN]: Missing sound for event: minecraft:entity.armadillo.eat
[21:31:19] [Render thread/WARN]: Missing sound for event: minecraft:entity.armadillo.hurt
[21:31:19] [Render thread/WARN]: Missing sound for event: minecraft:entity.armadillo.hurt_reduced
[21:31:19] [Render thread/WARN]: Missing sound for event: minecraft:entity.armadillo.ambient
[21:31:19] [Render thread/WARN]: Missing sound for event: minecraft:entity.armadillo.step
[21:31:19] [Render thread/WARN]: Missing sound for event: minecraft:entity.armadillo.death
[21:31:19] [Render thread/WARN]: Missing sound for event: minecraft:entity.armadillo.roll
[21:31:19] [Render thread/WARN]: Missing sound for event: minecraft:entity.armadillo.land
[21:31:19] [Render thread/WARN]: Missing sound for event: minecraft:entity.armadillo.scute_drop
[21:31:19] [Render thread/WARN]: Missing sound for event: minecraft:entity.armadillo.unroll_finish
[21:31:19] [Render thread/WARN]: Missing sound for event: minecraft:entity.armadillo.peek
[21:31:19] [Render thread/WARN]: Missing sound for event: minecraft:entity.armadillo.unroll_start
[21:31:19] [Render thread/WARN]: Missing sound for event: minecraft:entity.armadillo.brush
[21:31:19] [Render thread/WARN]: Missing sound for event: minecraft:item.armor.equip_chain
[21:31:19] [Render thread/WARN]: Missing sound for event: minecraft:item.armor.equip_diamond
[21:31:19] [Render thread/WARN]: Missing sound for event: minecraft:item.armor.equip_elytra
[21:31:19] [Render thread/WARN]: Missing sound for event: minecraft:item.armor.equip_generic
[21:31:19] [Render thread/WARN]: Missing sound for event: minecraft:item.armor.equip_gold
[21:31:19] [Render thread/WARN]: Missing sound for event: minecraft:item.armor.equip_iron
[21:31:19] [Render thread/WARN]: Missing sound for event: minecraft:item.armor.equip_leather
[21:31:19] [Render thread/WARN]: Missing sound for event: minecraft:item.armor.equip_netherite
[21:31:19] [Render thread/WARN]: Missing sound for event: minecraft:item.armor.equip_turtle
[21:31:19] [Render thread/WARN]: Missing sound for event: minecraft:item.armor.equip_wolf
[21:31:19] [Render thread/WARN]: Missing sound for event: minecraft:item.armor.unequip_wolf
[21:31:19] [Render thread/WARN]: Missing sound for event: minecraft:entity.armor_stand.break
[21:31:19] [Render thread/WARN]: Missing sound for event: minecraft:entity.armor_stand.fall
[21:31:19] [Render thread/WARN]: Missing sound for event: minecraft:entity.armor_stand.hit
[21:31:19] [Render thread/WARN]: Missing sound for event: minecraft:entity.armor_stand.place
[21:31:19] [Render thread/WARN]: Missing sound for event: minecraft:entity.arrow.hit
[21:31:19] [Render thread/WARN]: Missing sound for event: minecraft:entity.arrow.hit_player
[21:31:19] [Render thread/WARN]: Missing sound for event: minecraft:entity.arrow.shoot
[21:31:19] [Render thread/WARN]: Missing sound for event: minecraft:item.axe.strip
[21:31:19] [Render thread/WARN]: Missing sound for event: minecraft:item.axe.scrape
[21:31:19] [Render thread/WARN]: Missing sound for event: minecraft:item.axe.wax_off
[21:31:19] [Render thread/WARN]: Missing sound for event: minecraft:entity.axolotl.attack
[21:31:19] [Render thread/WARN]: Missing sound for event: minecraft:entity.axolotl.death
[21:31:19] [Render thread/WARN]: Missing sound for event: minecraft:entity.axolotl.hurt
[21:31:19] [Render thread/WARN]: Missing sound for event: minecraft:entity.axolotl.idle_air
[21:31:19] [Render thread/WARN]: Missing sound for event: minecraft:entity.axolotl.idle_water
[21:31:19] [Render thread/WARN]: Missing sound for event: minecraft:entity.axolotl.splash
[21:31:19] [Render thread/WARN]: Missing sound for event: minecraft:entity.axolotl.swim
[21:31:19] [Render thread/WARN]: Missing sound for event: minecraft:block.azalea.break
[21:31:19] [Render thread/WARN]: Missing sound for event: minecraft:block.azalea.fall
[21:31:19] [Render thread/WARN]: Missing sound for event: minecraft:block.azalea.hit
[21:31:19] [Render thread/WARN]: Missing sound for event: minecraft:block.azalea.place
[21:31:19] [Render thread/WARN]: Missing sound for event: minecraft:block.azalea.step
[21:31:19] [Render thread/WARN]: Missing sound for event: minecraft:block.azalea_leaves.break
[21:31:19] [Render thread/WARN]: Missing sound for event: minecraft:block.azalea_leaves.fall
[21:31:19] [Render thread/WARN]: Missing sound for event: minecraft:block.azalea_leaves.hit
[21:31:19] [Render thread/WARN]: Missing sound for event: minecraft:block.azalea_leaves.place
[21:31:19] [Render thread/WARN]: Missing sound for event: minecraft:block.azalea_leaves.step
[21:31:19] [Render thread/WARN]: Missing sound for event: minecraft:block.bamboo.break
[21:31:19] [Render thread/WARN]: Missing sound for event: minecraft:block.bamboo.fall
[21:31:19] [Render thread/WARN]: Missing sound for event: minecraft:block.bamboo.hit
[21:31:19] [Render thread/WARN]: Missing sound for event: minecraft:block.bamboo.place
[21:31:19] [Render thread/WARN]: Missing sound for event: minecraft:block.bamboo.step
[21:31:19] [Render thread/WARN]: Missing sound for event: minecraft:block.bamboo_sapling.break
[21:31:19] [Render thread/WARN]: Missing sound for event: minecraft:block.bamboo_sapling.hit
[21:31:19] [Render thread/WARN]: Missing sound for event: minecraft:block.bamboo_sapling.place
[21:31:19] [Render thread/WARN]: Missing sound for event: minecraft:block.bamboo_wood.break
[21:31:19] [Render thread/WARN]: Missing sound for event: minecraft:block.bamboo_wood.fall
[21:31:19] [Render thread/WARN]: Missing sound for event: minecraft:block.bamboo_wood.hit
[21:31:19] [Render thread/WARN]: Missing sound for event: minecraft:block.bamboo_wood.place
[21:31:19] [Render thread/WARN]: Missing sound for event: minecraft:block.bamboo_wood.step
[21:31:19] [Render thread/WARN]: Missing sound for event: minecraft:block.bamboo_wood_door.close
[21:31:19] [Render thread/WARN]: Missing sound for event: minecraft:block.bamboo_wood_door.open
[21:31:19] [Render thread/WARN]: Missing sound for event: minecraft:block.bamboo_wood_trapdoor.close
[21:31:19] [Render thread/WARN]: Missing sound for event: minecraft:block.bamboo_wood_trapdoor.open
[21:31:19] [Render thread/WARN]: Missing sound for event: minecraft:block.bamboo_wood_button.click_off
[21:31:19] [Render thread/WARN]: Missing sound for event: minecraft:block.bamboo_wood_button.click_on
[21:31:19] [Render thread/WARN]: Missing sound for event: minecraft:block.bamboo_wood_pressure_plate.click_off
[21:31:19] [Render thread/WARN]: Missing sound for event: minecraft:block.bamboo_wood_pressure_plate.click_on
[21:31:19] [Render thread/WARN]: Missing sound for event: minecraft:block.bamboo_wood_fence_gate.close
[21:31:19] [Render thread/WARN]: Missing sound for event: minecraft:block.bamboo_wood_fence_gate.open
[21:31:19] [Render thread/WARN]: Missing sound for event: minecraft:block.barrel.close
[21:31:19] [Render thread/WARN]: Missing sound for event: minecraft:block.barrel.open
[21:31:19] [Render thread/WARN]: Missing sound for event: minecraft:block.basalt.break
[21:31:19] [Render thread/WARN]: Missing sound for event: minecraft:block.basalt.step
[21:31:19] [Render thread/WARN]: Missing sound for event: minecraft:block.basalt.place
[21:31:19] [Render thread/WARN]: Missing sound for event: minecraft:block.basalt.hit
[21:31:19] [Render thread/WARN]: Missing sound for event: minecraft:block.basalt.fall
[21:31:19] [Render thread/WARN]: Missing sound for event: minecraft:entity.bat.ambient
[21:31:19] [Render thread/WARN]: Missing sound for event: minecraft:entity.bat.death
[21:31:19] [Render thread/WARN]: Missing sound for event: minecraft:entity.bat.hurt
[21:31:19] [Render thread/WARN]: Missing sound for event: minecraft:entity.bat.loop
[21:31:19] [Render thread/WARN]: Missing sound for event: minecraft:entity.bat.takeoff
[21:31:19] [Render thread/WARN]: Missing sound for event: minecraft:block.beacon.activate
[21:31:19] [Render thread/WARN]: Missing sound for event: minecraft:block.beacon.ambient
[21:31:19] [Render thread/WARN]: Missing sound for event: minecraft:block.beacon.deactivate
[21:31:19] [Render thread/WARN]: Missing sound for event: minecraft:block.beacon.power_select
[21:31:19] [Render thread/WARN]: Missing sound for event: minecraft:entity.bee.death
[21:31:19] [Render thread/WARN]: Missing sound for event: minecraft:entity.bee.hurt
[21:31:19] [Render thread/WARN]: Missing sound for event: minecraft:entity.bee.loop_aggressive
[21:31:19] [Render thread/WARN]: Missing sound for event: minecraft:entity.bee.loop
[21:31:19] [Render thread/WARN]: Missing sound for event: minecraft:entity.bee.sting
[21:31:19] [Render thread/WARN]: Missing sound for event: minecraft:entity.bee.pollinate
[21:31:19] [Render thread/WARN]: Missing sound for event: minecraft:block.beehive.drip
[21:31:19] [Render thread/WARN]: Missing sound for event: minecraft:block.beehive.enter
[21:31:19] [Render thread/WARN]: Missing sound for event: minecraft:block.beehive.exit
[21:31:19] [Render thread/WARN]: Missing sound for event: minecraft:block.beehive.shear
[21:31:19] [Render thread/WARN]: Missing sound for event: minecraft:block.beehive.work
[21:31:19] [Render thread/WARN]: Missing sound for event: minecraft:block.bell.use
[21:31:19] [Render thread/WARN]: Missing sound for event: minecraft:block.bell.resonate
[21:31:19] [Render thread/WARN]: Missing sound for event: minecraft:block.big_dripleaf.break
[21:31:19] [Render thread/WARN]: Missing sound for event: minecraft:block.big_dripleaf.fall
[21:31:19] [Render thread/WARN]: Missing sound for event: minecraft:block.big_dripleaf.hit
[21:31:19] [Render thread/WARN]: Missing sound for event: minecraft:block.big_dripleaf.place
[21:31:19] [Render thread/WARN]: Missing sound for event: minecraft:block.big_dripleaf.step
[21:31:19] [Render thread/WARN]: Missing sound for event: minecraft:entity.blaze.ambient
[21:31:19] [Render thread/WARN]: Missing sound for event: minecraft:entity.blaze.burn
[21:31:19] [Render thread/WARN]: Missing sound for event: minecraft:entity.blaze.death
[21:31:19] [Render thread/WARN]: Missing sound for event: minecraft:entity.blaze.hurt
[21:31:19] [Render thread/WARN]: Missing sound for event: minecraft:entity.blaze.shoot
[21:31:19] [Render thread/WARN]: Missing sound for event: minecraft:entity.boat.paddle_land
[21:31:19] [Render thread/WARN]: Missing sound for event: minecraft:entity.boat.paddle_water
[21:31:19] [Render thread/WARN]: Missing sound for event: minecraft:entity.bogged.ambient
[21:31:19] [Render thread/WARN]: Missing sound for event: minecraft:entity.bogged.death
[21:31:19] [Render thread/WARN]: Missing sound for event: minecraft:entity.bogged.hurt
[21:31:19] [Render thread/WARN]: Missing sound for event: minecraft:entity.bogged.shear
[21:31:19] [Render thread/WARN]: Missing sound for event: minecraft:entity.bogged.step
[21:31:19] [Render thread/WARN]: Missing sound for event: minecraft:block.bone_block.break
[21:31:19] [Render thread/WARN]: Missing sound for event: minecraft:block.bone_block.fall
[21:31:19] [Render thread/WARN]: Missing sound for event: minecraft:block.bone_block.hit
[21:31:19] [Render thread/WARN]: Missing sound for event: minecraft:block.bone_block.place
[21:31:19] [Render thread/WARN]: Missing sound for event: minecraft:block.bone_block.step
[21:31:19] [Render thread/WARN]: Missing sound for event: minecraft:item.bone_meal.use
[21:31:19] [Render thread/WARN]: Missing sound for event: minecraft:item.book.page_turn
[21:31:19] [Render thread/WARN]: Missing sound for event: minecraft:item.book.put
[21:31:19] [Render thread/WARN]: Missing sound for event: minecraft:block.blastfurnace.fire_crackle
[21:31:19] [Render thread/WARN]: Missing sound for event: minecraft:item.bottle.empty
[21:31:19] [Render thread/WARN]: Missing sound for event: minecraft:item.bottle.fill
[21:31:19] [Render thread/WARN]: Missing sound for event: minecraft:item.bottle.fill_dragonbreath
[21:31:19] [Render thread/WARN]: Missing sound for event: minecraft:entity.breeze.charge
[21:31:19] [Render thread/WARN]: Missing sound for event: minecraft:entity.breeze.deflect
[21:31:19] [Render thread/WARN]: Missing sound for event: minecraft:entity.breeze.inhale
[21:31:19] [Render thread/WARN]: Missing sound for event: minecraft:entity.breeze.idle_ground
[21:31:19] [Render thread/WARN]: Missing sound for event: minecraft:entity.breeze.idle_air
[21:31:19] [Render thread/WARN]: Missing sound for event: minecraft:entity.breeze.shoot
[21:31:19] [Render thread/WARN]: Missing sound for event: minecraft:entity.breeze.jump
[21:31:19] [Render thread/WARN]: Missing sound for event: minecraft:entity.breeze.land
[21:31:19] [Render thread/WARN]: Missing sound for event: minecraft:entity.breeze.slide
[21:31:19] [Render thread/WARN]: Missing sound for event: minecraft:entity.breeze.death
[21:31:19] [Render thread/WARN]: Missing sound for event: minecraft:entity.breeze.hurt
[21:31:19] [Render thread/WARN]: Missing sound for event: minecraft:entity.breeze.whirl
[21:31:19] [Render thread/WARN]: Missing sound for event: minecraft:entity.breeze.wind_burst
[21:31:19] [Render thread/WARN]: Missing sound for event: minecraft:block.brewing_stand.brew
[21:31:19] [Render thread/WARN]: Missing sound for event: minecraft:item.brush.brushing.generic
[21:31:19] [Render thread/WARN]: Missing sound for event: minecraft:item.brush.brushing.sand
[21:31:19] [Render thread/WARN]: Missing sound for event: minecraft:item.brush.brushing.gravel
[21:31:19] [Render thread/WARN]: Missing sound for event: minecraft:item.brush.brushing.sand.complete
[21:31:19] [Render thread/WARN]: Missing sound for event: minecraft:item.brush.brushing.gravel.complete
[21:31:19] [Render thread/WARN]: Missing sound for event: minecraft:block.bubble_column.bubble_pop
[21:31:19] [Render thread/WARN]: Missing sound for event: minecraft:block.bubble_column.upwards_ambient
[21:31:19] [Render thread/WARN]: Missing sound for event: minecraft:block.bubble_column.upwards_inside
[21:31:19] [Render thread/WARN]: Missing sound for event: minecraft:block.bubble_column.whirlpool_ambient
[21:31:19] [Render thread/WARN]: Missing sound for event: minecraft:block.bubble_column.whirlpool_inside
[21:31:19] [Render thread/WARN]: Missing sound for event: minecraft:ui.hud.bubble_pop
[21:31:19] [Render thread/WARN]: Missing sound for event: minecraft:item.bucket.empty
[21:31:19] [Render thread/WARN]: Missing sound for event: minecraft:item.bucket.empty_axolotl
[21:31:19] [Render thread/WARN]: Missing sound for event: minecraft:item.bucket.empty_fish
[21:31:19] [Render thread/WARN]: Missing sound for event: minecraft:item.bucket.empty_lava
[21:31:19] [Render thread/WARN]: Missing sound for event: minecraft:item.bucket.empty_powder_snow
[21:31:19] [Render thread/WARN]: Missing sound for event: minecraft:item.bucket.empty_tadpole
[21:31:19] [Render thread/WARN]: Missing sound for event: minecraft:item.bucket.fill
[21:31:19] [Render thread/WARN]: Missing sound for event: minecraft:item.bucket.fill_axolotl
[21:31:19] [Render thread/WARN]: Missing sound for event: minecraft:item.bucket.fill_fish
[21:31:19] [Render thread/WARN]: Missing sound for event: minecraft:item.bucket.fill_lava
[21:31:19] [Render thread/WARN]: Missing sound for event: minecraft:item.bucket.fill_powder_snow
[21:31:19] [Render thread/WARN]: Missing sound for event: minecraft:item.bucket.fill_tadpole
[21:31:19] [Render thread/WARN]: Missing sound for event: minecraft:item.bundle.drop_contents
[21:31:19] [Render thread/WARN]: Missing sound for event: minecraft:item.bundle.insert
[21:31:19] [Render thread/WARN]: Missing sound for event: minecraft:item.bundle.insert_fail
[21:31:19] [Render thread/WARN]: Missing sound for event: minecraft:item.bundle.remove_one
[21:31:19] [Render thread/WARN]: Missing sound for event: minecraft:block.cake.add_candle
[21:31:19] [Render thread/WARN]: Missing sound for event: minecraft:block.calcite.break
[21:31:19] [Render thread/WARN]: Missing sound for event: minecraft:block.calcite.step
[21:31:19] [Render thread/WARN]: Missing sound for event: minecraft:block.calcite.place
[21:31:19] [Render thread/WARN]: Missing sound for event: minecraft:block.calcite.hit
[21:31:19] [Render thread/WARN]: Missing sound for event: minecraft:block.calcite.fall
[21:31:19] [Render thread/WARN]: Missing sound for event: minecraft:entity.camel.ambient
[21:31:19] [Render thread/WARN]: Missing sound for event: minecraft:entity.camel.dash
[21:31:19] [Render thread/WARN]: Missing sound for event: minecraft:entity.camel.dash_ready
[21:31:19] [Render thread/WARN]: Missing sound for event: minecraft:entity.camel.death
[21:31:19] [Render thread/WARN]: Missing sound for event: minecraft:entity.camel.eat
[21:31:19] [Render thread/WARN]: Missing sound for event: minecraft:entity.camel.hurt
[21:31:19] [Render thread/WARN]: Missing sound for event: minecraft:entity.camel.saddle
[21:31:19] [Render thread/WARN]: Missing sound for event: minecraft:entity.camel.sit
[21:31:19] [Render thread/WARN]: Missing sound for event: minecraft:entity.camel.stand
[21:31:19] [Render thread/WARN]: Missing sound for event: minecraft:entity.camel.step
[21:31:19] [Render thread/WARN]: Missing sound for event: minecraft:entity.camel.step_sand
[21:31:19] [Render thread/WARN]: Missing sound for event: minecraft:block.campfire.crackle
[21:31:19] [Render thread/WARN]: Missing sound for event: minecraft:block.candle.ambient
[21:31:19] [Render thread/WARN]: Missing sound for event: minecraft:block.candle.break
[21:31:19] [Render thread/WARN]: Missing sound for event: minecraft:block.candle.extinguish
[21:31:19] [Render thread/WARN]: Missing sound for event: minecraft:block.candle.fall
[21:31:19] [Render thread/WARN]: Missing sound for event: minecraft:block.candle.hit
[21:31:19] [Render thread/WARN]: Missing sound for event: minecraft:block.candle.place
[21:31:19] [Render thread/WARN]: Missing sound for event: minecraft:block.candle.step
[21:31:19] [Render thread/WARN]: Missing sound for event: minecraft:entity.cat.ambient
[21:31:19] [Render thread/WARN]: Missing sound for event: minecraft:entity.cat.stray_ambient
[21:31:19] [Render thread/WARN]: Missing sound for event: minecraft:entity.cat.death
[21:31:19] [Render thread/WARN]: Missing sound for event: minecraft:entity.cat.eat
[21:31:19] [Render thread/WARN]: Missing sound for event: minecraft:entity.cat.hiss
[21:31:19] [Render thread/WARN]: Missing sound for event: minecraft:entity.cat.beg_for_food
[21:31:19] [Render thread/WARN]: Missing sound for event: minecraft:entity.cat.hurt
[21:31:19] [Render thread/WARN]: Missing sound for event: minecraft:entity.cat.purr
[21:31:19] [Render thread/WARN]: Missing sound for event: minecraft:entity.cat.purreow
[21:31:19] [Render thread/WARN]: Missing sound for event: minecraft:block.cave_vines.break
[21:31:19] [Render thread/WARN]: Missing sound for event: minecraft:block.cave_vines.fall
[21:31:19] [Render thread/WARN]: Missing sound for event: minecraft:block.cave_vines.hit
[21:31:19] [Render thread/WARN]: Missing sound for event: minecraft:block.cave_vines.place
[21:31:19] [Render thread/WARN]: Missing sound for event: minecraft:block.cave_vines.step
[21:31:19] [Render thread/WARN]: Missing sound for event: minecraft:block.cave_vines.pick_berries
[21:31:19] [Render thread/WARN]: Missing sound for event: minecraft:block.chain.break
[21:31:19] [Render thread/WARN]: Missing sound for event: minecraft:block.chain.fall
[21:31:19] [Render thread/WARN]: Missing sound for event: minecraft:block.chain.hit
[21:31:19] [Render thread/WARN]: Missing sound for event: minecraft:block.chain.place
[21:31:19] [Render thread/WARN]: Missing sound for event: minecraft:block.chain.step
[21:31:19] [Render thread/WARN]: Missing sound for event: minecraft:block.cherry_wood.break
[21:31:19] [Render thread/WARN]: Missing sound for event: minecraft:block.cherry_wood.fall
[21:31:19] [Render thread/WARN]: Missing sound for event: minecraft:block.cherry_wood.hit
[21:31:19] [Render thread/WARN]: Missing sound for event: minecraft:block.cherry_wood.place
[21:31:19] [Render thread/WARN]: Missing sound for event: minecraft:block.cherry_wood.step
[21:31:19] [Render thread/WARN]: Missing sound for event: minecraft:block.cherry_sapling.break
[21:31:19] [Render thread/WARN]: Missing sound for event: minecraft:block.cherry_sapling.fall
[21:31:19] [Render thread/WARN]: Missing sound for event: minecraft:block.cherry_sapling.hit
[21:31:19] [Render thread/WARN]: Missing sound for event: minecraft:block.cherry_sapling.place
[21:31:19] [Render thread/WARN]: Missing sound for event: minecraft:block.cherry_sapling.step
[21:31:19] [Render thread/WARN]: Missing sound for event: minecraft:block.cherry_leaves.break
[21:31:19] [Render thread/WARN]: Missing sound for event: minecraft:block.cherry_leaves.fall
[21:31:19] [Render thread/WARN]: Missing sound for event: minecraft:block.cherry_leaves.hit
[21:31:19] [Render thread/WARN]: Missing sound for event: minecraft:block.cherry_leaves.place
[21:31:19] [Render thread/WARN]: Missing sound for event: minecraft:block.cherry_leaves.step
[21:31:19] [Render thread/WARN]: Missing sound for event: minecraft:block.cherry_wood_hanging_sign.step
[21:31:19] [Render thread/WARN]: Missing sound for event: minecraft:block.cherry_wood_hanging_sign.break
[21:31:19] [Render thread/WARN]: Missing sound for event: minecraft:block.cherry_wood_hanging_sign.fall
[21:31:19] [Render thread/WARN]: Missing sound for event: minecraft:block.cherry_wood_hanging_sign.hit
[21:31:19] [Render thread/WARN]: Missing sound for event: minecraft:block.cherry_wood_hanging_sign.place
[21:31:19] [Render thread/WARN]: Missing sound for event: minecraft:block.cherry_wood_door.close
[21:31:19] [Render thread/WARN]: Missing sound for event: minecraft:block.cherry_wood_door.open
[21:31:19] [Render thread/WARN]: Missing sound for event: minecraft:block.cherry_wood_trapdoor.close
[21:31:19] [Render thread/WARN]: Missing sound for event: minecraft:block.cherry_wood_trapdoor.open
[21:31:19] [Render thread/WARN]: Missing sound for event: minecraft:block.cherry_wood_button.click_off
[21:31:19] [Render thread/WARN]: Missing sound for event: minecraft:block.cherry_wood_button.click_on
[21:31:19] [Render thread/WARN]: Missing sound for event: minecraft:block.cherry_wood_pressure_plate.click_off
[21:31:19] [Render thread/WARN]: Missing sound for event: minecraft:block.cherry_wood_pressure_plate.click_on
[21:31:19] [Render thread/WARN]: Missing sound for event: minecraft:block.cherry_wood_fence_gate.close
[21:31:19] [Render thread/WARN]: Missing sound for event: minecraft:block.cherry_wood_fence_gate.open
[21:31:19] [Render thread/WARN]: Missing sound for event: minecraft:block.chest.close
[21:31:19] [Render thread/WARN]: Missing sound for event: minecraft:block.chest.locked
[21:31:19] [Render thread/WARN]: Missing sound for event: minecraft:block.chest.open
[21:31:19] [Render thread/WARN]: Missing sound for event: minecraft:entity.chicken.ambient
[21:31:19] [Render thread/WARN]: Missing sound for event: minecraft:entity.chicken.death
[21:31:19] [Render thread/WARN]: Missing sound for event: minecraft:entity.chicken.egg
[21:31:19] [Render thread/WARN]: Missing sound for event: minecraft:entity.chicken.hurt
[21:31:19] [Render thread/WARN]: Missing sound for event: minecraft:entity.chicken.step
[21:31:19] [Render thread/WARN]: Missing sound for event: minecraft:block.chiseled_bookshelf.break
[21:31:19] [Render thread/WARN]: Missing sound for event: minecraft:block.chiseled_bookshelf.fall
[21:31:19] [Render thread/WARN]: Missing sound for event: minecraft:block.chiseled_bookshelf.hit
[21:31:19] [Render thread/WARN]: Missing sound for event: minecraft:block.chiseled_bookshelf.insert
[21:31:19] [Render thread/WARN]: Missing sound for event: minecraft:block.chiseled_bookshelf.insert.enchanted
[21:31:19] [Render thread/WARN]: Missing sound for event: minecraft:block.chiseled_bookshelf.step
[21:31:19] [Render thread/WARN]: Missing sound for event: minecraft:block.chiseled_bookshelf.pickup
[21:31:19] [Render thread/WARN]: Missing sound for event: minecraft:block.chiseled_bookshelf.pickup.enchanted
[21:31:19] [Render thread/WARN]: Missing sound for event: minecraft:block.chiseled_bookshelf.place
[21:31:19] [Render thread/WARN]: Missing sound for event: minecraft:block.chorus_flower.death
[21:31:19] [Render thread/WARN]: Missing sound for event: minecraft:block.chorus_flower.grow
[21:31:19] [Render thread/WARN]: Missing sound for event: minecraft:item.chorus_fruit.teleport
[21:31:19] [Render thread/WARN]: Missing sound for event: minecraft:block.cobweb.break
[21:31:19] [Render thread/WARN]: Missing sound for event: minecraft:block.cobweb.step
[21:31:19] [Render thread/WARN]: Missing sound for event: minecraft:block.cobweb.place
[21:31:19] [Render thread/WARN]: Missing sound for event: minecraft:block.cobweb.hit
[21:31:19] [Render thread/WARN]: Missing sound for event: minecraft:block.cobweb.fall
[21:31:19] [Render thread/WARN]: Missing sound for event: minecraft:entity.cod.ambient
[21:31:19] [Render thread/WARN]: Missing sound for event: minecraft:entity.cod.death
[21:31:19] [Render thread/WARN]: Missing sound for event: minecraft:entity.cod.flop
[21:31:19] [Render thread/WARN]: Missing sound for event: minecraft:entity.cod.hurt
[21:31:19] [Render thread/WARN]: Missing sound for event: minecraft:block.comparator.click
[21:31:19] [Render thread/WARN]: Missing sound for event: minecraft:block.composter.empty
[21:31:19] [Render thread/WARN]: Missing sound for event: minecraft:block.composter.fill
[21:31:19] [Render thread/WARN]: Missing sound for event: minecraft:block.composter.fill_success
[21:31:19] [Render thread/WARN]: Missing sound for event: minecraft:block.composter.ready
[21:31:19] [Render thread/WARN]: Missing sound for event: minecraft:block.conduit.activate
[21:31:19] [Render thread/WARN]: Missing sound for event: minecraft:block.conduit.ambient
[21:31:19] [Render thread/WARN]: Missing sound for event: minecraft:block.conduit.ambient.short
[21:31:19] [Render thread/WARN]: Missing sound for event: minecraft:block.conduit.attack.target
[21:31:19] [Render thread/WARN]: Missing sound for event: minecraft:block.conduit.deactivate
[21:31:19] [Render thread/WARN]: Missing sound for event: minecraft:block.copper_bulb.break
[21:31:19] [Render thread/WARN]: Missing sound for event: minecraft:block.copper_bulb.step
[21:31:19] [Render thread/WARN]: Missing sound for event: minecraft:block.copper_bulb.place
[21:31:19] [Render thread/WARN]: Missing sound for event: minecraft:block.copper_bulb.hit
[21:31:19] [Render thread/WARN]: Missing sound for event: minecraft:block.copper_bulb.fall
[21:31:19] [Render thread/WARN]: Missing sound for event: minecraft:block.copper_bulb.turn_on
[21:31:19] [Render thread/WARN]: Missing sound for event: minecraft:block.copper_bulb.turn_off
[21:31:19] [Render thread/WARN]: Missing sound for event: minecraft:block.copper.break
[21:31:19] [Render thread/WARN]: Missing sound for event: minecraft:block.copper.step
[21:31:19] [Render thread/WARN]: Missing sound for event: minecraft:block.copper.place
[21:31:19] [Render thread/WARN]: Missing sound for event: minecraft:block.copper.hit
[21:31:19] [Render thread/WARN]: Missing sound for event: minecraft:block.copper.fall
[21:31:19] [Render thread/WARN]: Missing sound for event: minecraft:block.copper_door.close
[21:31:19] [Render thread/WARN]: Missing sound for event: minecraft:block.copper_door.open
[21:31:19] [Render thread/WARN]: Missing sound for event: minecraft:block.copper_grate.break
[21:31:19] [Render thread/WARN]: Missing sound for event: minecraft:block.copper_grate.step
[21:31:19] [Render thread/WARN]: Missing sound for event: minecraft:block.copper_grate.place
[21:31:19] [Render thread/WARN]: Missing sound for event: minecraft:block.copper_grate.hit
[21:31:19] [Render thread/WARN]: Missing sound for event: minecraft:block.copper_grate.fall
[21:31:19] [Render thread/WARN]: Missing sound for event: minecraft:block.copper_trapdoor.close
[21:31:19] [Render thread/WARN]: Missing sound for event: minecraft:block.copper_trapdoor.open
[21:31:19] [Render thread/WARN]: Missing sound for event: minecraft:block.coral_block.break
[21:31:19] [Render thread/WARN]: Missing sound for event: minecraft:block.coral_block.fall
[21:31:19] [Render thread/WARN]: Missing sound for event: minecraft:block.coral_block.hit
[21:31:19] [Render thread/WARN]: Missing sound for event: minecraft:block.coral_block.place
[21:31:19] [Render thread/WARN]: Missing sound for event: minecraft:block.coral_block.step
[21:31:19] [Render thread/WARN]: Missing sound for event: minecraft:entity.cow.ambient
[21:31:19] [Render thread/WARN]: Missing sound for event: minecraft:entity.cow.death
[21:31:19] [Render thread/WARN]: Missing sound for event: minecraft:entity.cow.hurt
[21:31:19] [Render thread/WARN]: Missing sound for event: minecraft:entity.cow.milk
[21:31:19] [Render thread/WARN]: Missing sound for event: minecraft:entity.cow.step
[21:31:19] [Render thread/WARN]: Missing sound for event: minecraft:block.crafter.craft
[21:31:19] [Render thread/WARN]: Missing sound for event: minecraft:block.crafter.fail
[21:31:19] [Render thread/WARN]: Missing sound for event: minecraft:entity.creaking.ambient
[21:31:19] [Render thread/WARN]: Missing sound for event: minecraft:entity.creaking.activate
[21:31:19] [Render thread/WARN]: Missing sound for event: minecraft:entity.creaking.deactivate
[21:31:19] [Render thread/WARN]: Missing sound for event: minecraft:entity.creaking.attack
[21:31:19] [Render thread/WARN]: Missing sound for event: minecraft:entity.creaking.death
[21:31:19] [Render thread/WARN]: Missing sound for event: minecraft:entity.creaking.step
[21:31:19] [Render thread/WARN]: Missing sound for event: minecraft:entity.creaking.freeze
[21:31:19] [Render thread/WARN]: Missing sound for event: minecraft:entity.creaking.unfreeze
[21:31:19] [Render thread/WARN]: Missing sound for event: minecraft:entity.creaking.spawn
[21:31:19] [Render thread/WARN]: Missing sound for event: minecraft:entity.creaking.sway
[21:31:19] [Render thread/WARN]: Missing sound for event: minecraft:entity.creaking.twitch
[21:31:19] [Render thread/WARN]: Missing sound for event: minecraft:block.creaking_heart.break
[21:31:19] [Render thread/WARN]: Missing sound for event: minecraft:block.creaking_heart.fall
[21:31:19] [Render thread/WARN]: Missing sound for event: minecraft:block.creaking_heart.hit
[21:31:19] [Render thread/WARN]: Missing sound for event: minecraft:block.creaking_heart.hurt
[21:31:19] [Render thread/WARN]: Missing sound for event: minecraft:block.creaking_heart.place
[21:31:19] [Render thread/WARN]: Missing sound for event: minecraft:block.creaking_heart.step
[21:31:19] [Render thread/WARN]: Missing sound for event: minecraft:block.creaking_heart.idle
[21:31:19] [Render thread/WARN]: Missing sound for event: minecraft:block.creaking_heart.spawn
[21:31:19] [Render thread/WARN]: Missing sound for event: minecraft:entity.creeper.death
[21:31:19] [Render thread/WARN]: Missing sound for event: minecraft:entity.creeper.hurt
[21:31:19] [Render thread/WARN]: Missing sound for event: minecraft:entity.creeper.primed
[21:31:19] [Render thread/WARN]: Missing sound for event: minecraft:block.crop.break
[21:31:19] [Render thread/WARN]: Missing sound for event: minecraft:item.crop.plant
[21:31:19] [Render thread/WARN]: Missing sound for event: minecraft:item.crossbow.hit
[21:31:19] [Render thread/WARN]: Missing sound for event: minecraft:item.crossbow.loading_end
[21:31:19] [Render thread/WARN]: Missing sound for event: minecraft:item.crossbow.loading_middle
[21:31:19] [Render thread/WARN]: Missing sound for event: minecraft:item.crossbow.loading_start
[21:31:19] [Render thread/WARN]: Missing sound for event: minecraft:item.crossbow.quick_charge_1
[21:31:19] [Render thread/WARN]: Missing sound for event: minecraft:item.crossbow.quick_charge_2
[21:31:19] [Render thread/WARN]: Missing sound for event: minecraft:item.crossbow.quick_charge_3
[21:31:19] [Render thread/WARN]: Missing sound for event: minecraft:item.crossbow.shoot
[21:31:19] [Render thread/WARN]: Missing sound for event: minecraft:block.decorated_pot.break
[21:31:19] [Render thread/WARN]: Missing sound for event: minecraft:block.decorated_pot.fall
[21:31:19] [Render thread/WARN]: Missing sound for event: minecraft:block.decorated_pot.hit
[21:31:19] [Render thread/WARN]: Missing sound for event: minecraft:block.decorated_pot.insert
[21:31:19] [Render thread/WARN]: Missing sound for event: minecraft:block.decorated_pot.insert_fail
[21:31:19] [Render thread/WARN]: Missing sound for event: minecraft:block.decorated_pot.step
[21:31:19] [Render thread/WARN]: Missing sound for event: minecraft:block.decorated_pot.place
[21:31:19] [Render thread/WARN]: Missing sound for event: minecraft:block.decorated_pot.shatter
[21:31:19] [Render thread/WARN]: Missing sound for event: minecraft:block.deepslate_bricks.break
[21:31:19] [Render thread/WARN]: Missing sound for event: minecraft:block.deepslate_bricks.fall
[21:31:19] [Render thread/WARN]: Missing sound for event: minecraft:block.deepslate_bricks.hit
[21:31:19] [Render thread/WARN]: Missing sound for event: minecraft:block.deepslate_bricks.place
[21:31:19] [Render thread/WARN]: Missing sound for event: minecraft:block.deepslate_bricks.step
[21:31:19] [Render thread/WARN]: Missing sound for event: minecraft:block.deepslate.break
[21:31:19] [Render thread/WARN]: Missing sound for event: minecraft:block.deepslate.fall
[21:31:19] [Render thread/WARN]: Missing sound for event: minecraft:block.deepslate.hit
[21:31:19] [Render thread/WARN]: Missing sound for event: minecraft:block.deepslate.place
[21:31:19] [Render thread/WARN]: Missing sound for event: minecraft:block.deepslate.step
[21:31:19] [Render thread/WARN]: Missing sound for event: minecraft:block.deepslate_tiles.break
[21:31:19] [Render thread/WARN]: Missing sound for event: minecraft:block.deepslate_tiles.fall
[21:31:19] [Render thread/WARN]: Missing sound for event: minecraft:block.deepslate_tiles.hit
[21:31:19] [Render thread/WARN]: Missing sound for event: minecraft:block.deepslate_tiles.place
[21:31:19] [Render thread/WARN]: Missing sound for event: minecraft:block.deepslate_tiles.step
[21:31:19] [Render thread/WARN]: Missing sound for event: minecraft:block.dispenser.dispense
[21:31:19] [Render thread/WARN]: Missing sound for event: minecraft:block.dispenser.fail
[21:31:19] [Render thread/WARN]: Missing sound for event: minecraft:block.dispenser.launch
[21:31:19] [Render thread/WARN]: Missing sound for event: minecraft:entity.dolphin.ambient
[21:31:19] [Render thread/WARN]: Missing sound for event: minecraft:entity.dolphin.ambient_water
[21:31:19] [Render thread/WARN]: Missing sound for event: minecraft:entity.dolphin.attack
[21:31:19] [Render thread/WARN]: Missing sound for event: minecraft:entity.dolphin.death
[21:31:19] [Render thread/WARN]: Missing sound for event: minecraft:entity.dolphin.eat
[21:31:19] [Render thread/WARN]: Missing sound for event: minecraft:entity.dolphin.hurt
[21:31:19] [Render thread/WARN]: Missing sound for event: minecraft:entity.dolphin.jump
[21:31:19] [Render thread/WARN]: Missing sound for event: minecraft:entity.dolphin.play
[21:31:19] [Render thread/WARN]: Missing sound for event: minecraft:entity.dolphin.splash
[21:31:19] [Render thread/WARN]: Missing sound for event: minecraft:entity.dolphin.swim
[21:31:19] [Render thread/WARN]: Missing sound for event: minecraft:entity.donkey.ambient
[21:31:19] [Render thread/WARN]: Missing sound for event: minecraft:entity.donkey.angry
[21:31:19] [Render thread/WARN]: Missing sound for event: minecraft:entity.donkey.chest
[21:31:19] [Render thread/WARN]: Missing sound for event: minecraft:entity.donkey.death
[21:31:19] [Render thread/WARN]: Missing sound for event: minecraft:entity.donkey.eat
[21:31:19] [Render thread/WARN]: Missing sound for event: minecraft:entity.donkey.hurt
[21:31:19] [Render thread/WARN]: Missing sound for event: minecraft:entity.donkey.jump
[21:31:19] [Render thread/WARN]: Missing sound for event: minecraft:block.dripstone_block.break
[21:31:19] [Render thread/WARN]: Missing sound for event: minecraft:block.dripstone_block.step
[21:31:19] [Render thread/WARN]: Missing sound for event: minecraft:block.dripstone_block.place
[21:31:19] [Render thread/WARN]: Missing sound for event: minecraft:block.dripstone_block.hit
[21:31:19] [Render thread/WARN]: Missing sound for event: minecraft:block.dripstone_block.fall
[21:31:19] [Render thread/WARN]: Missing sound for event: minecraft:block.pointed_dripstone.break
[21:31:19] [Render thread/WARN]: Missing sound for event: minecraft:block.pointed_dripstone.step
[21:31:19] [Render thread/WARN]: Missing sound for event: minecraft:block.pointed_dripstone.place
[21:31:19] [Render thread/WARN]: Missing sound for event: minecraft:block.pointed_dripstone.hit
[21:31:19] [Render thread/WARN]: Missing sound for event: minecraft:block.pointed_dripstone.fall
[21:31:19] [Render thread/WARN]: Missing sound for event: minecraft:block.pointed_dripstone.land
[21:31:19] [Render thread/WARN]: Missing sound for event: minecraft:block.pointed_dripstone.drip_lava
[21:31:19] [Render thread/WARN]: Missing sound for event: minecraft:block.pointed_dripstone.drip_water
[21:31:19] [Render thread/WARN]: Missing sound for event: minecraft:block.pointed_dripstone.drip_lava_into_cauldron
[21:31:19] [Render thread/WARN]: Missing sound for event: minecraft:block.pointed_dripstone.drip_water_into_cauldron
[21:31:19] [Render thread/WARN]: Missing sound for event: minecraft:block.big_dripleaf.tilt_down
[21:31:19] [Render thread/WARN]: Missing sound for event: minecraft:block.big_dripleaf.tilt_up
[21:31:19] [Render thread/WARN]: Missing sound for event: minecraft:entity.drowned.ambient
[21:31:19] [Render thread/WARN]: Missing sound for event: minecraft:entity.drowned.ambient_water
[21:31:19] [Render thread/WARN]: Missing sound for event: minecraft:entity.drowned.death
[21:31:19] [Render thread/WARN]: Missing sound for event: minecraft:entity.drowned.death_water
[21:31:19] [Render thread/WARN]: Missing sound for event: minecraft:entity.drowned.hurt
[21:31:19] [Render thread/WARN]: Missing sound for event: minecraft:entity.drowned.hurt_water
[21:31:19] [Render thread/WARN]: Missing sound for event: minecraft:entity.drowned.shoot
[21:31:19] [Render thread/WARN]: Missing sound for event: minecraft:entity.drowned.step
[21:31:19] [Render thread/WARN]: Missing sound for event: minecraft:entity.drowned.swim
[21:31:19] [Render thread/WARN]: Missing sound for event: minecraft:item.dye.use
[21:31:19] [Render thread/WARN]: Missing sound for event: minecraft:entity.egg.throw
[21:31:19] [Render thread/WARN]: Missing sound for event: minecraft:entity.elder_guardian.ambient
[21:31:19] [Render thread/WARN]: Missing sound for event: minecraft:entity.elder_guardian.ambient_land
[21:31:19] [Render thread/WARN]: Missing sound for event: minecraft:entity.elder_guardian.curse
[21:31:19] [Render thread/WARN]: Missing sound for event: minecraft:entity.elder_guardian.death
[21:31:19] [Render thread/WARN]: Missing sound for event: minecraft:entity.elder_guardian.death_land
[21:31:19] [Render thread/WARN]: Missing sound for event: minecraft:entity.elder_guardian.flop
[21:31:19] [Render thread/WARN]: Missing sound for event: minecraft:entity.elder_guardian.hurt
[21:31:19] [Render thread/WARN]: Missing sound for event: minecraft:entity.elder_guardian.hurt_land
[21:31:19] [Render thread/WARN]: Missing sound for event: minecraft:item.elytra.flying
[21:31:19] [Render thread/WARN]: Missing sound for event: minecraft:block.enchantment_table.use
[21:31:19] [Render thread/WARN]: Missing sound for event: minecraft:block.ender_chest.close
[21:31:19] [Render thread/WARN]: Missing sound for event: minecraft:block.ender_chest.open
[21:31:19] [Render thread/WARN]: Missing sound for event: minecraft:entity.ender_dragon.ambient
[21:31:19] [Render thread/WARN]: Missing sound for event: minecraft:entity.ender_dragon.death
[21:31:19] [Render thread/WARN]: Missing sound for event: minecraft:entity.dragon_fireball.explode
[21:31:19] [Render thread/WARN]: Missing sound for event: minecraft:entity.ender_dragon.flap
[21:31:19] [Render thread/WARN]: Missing sound for event: minecraft:entity.ender_dragon.growl
[21:31:19] [Render thread/WARN]: Missing sound for event: minecraft:entity.ender_dragon.hurt
[21:31:19] [Render thread/WARN]: Missing sound for event: minecraft:entity.ender_dragon.shoot
[21:31:19] [Render thread/WARN]: Missing sound for event: minecraft:entity.ender_eye.death
[21:31:19] [Render thread/WARN]: Missing sound for event: minecraft:entity.ender_eye.launch
[21:31:19] [Render thread/WARN]: Missing sound for event: minecraft:entity.enderman.ambient
[21:31:19] [Render thread/WARN]: Missing sound for event: minecraft:entity.enderman.death
[21:31:19] [Render thread/WARN]: Missing sound for event: minecraft:entity.enderman.hurt
[21:31:19] [Render thread/WARN]: Missing sound for event: minecraft:entity.enderman.scream
[21:31:19] [Render thread/WARN]: Missing sound for event: minecraft:entity.enderman.stare
[21:31:19] [Render thread/WARN]: Missing sound for event: minecraft:entity.enderman.teleport
[21:31:19] [Render thread/WARN]: Missing sound for event: minecraft:entity.endermite.ambient
[21:31:19] [Render thread/WARN]: Missing sound for event: minecraft:entity.endermite.death
[21:31:19] [Render thread/WARN]: Missing sound for event: minecraft:entity.endermite.hurt
[21:31:19] [Render thread/WARN]: Missing sound for event: minecraft:entity.endermite.step
[21:31:19] [Render thread/WARN]: Missing sound for event: minecraft:entity.ender_pearl.throw
[21:31:19] [Render thread/WARN]: Missing sound for event: minecraft:block.end_gateway.spawn
[21:31:19] [Render thread/WARN]: Missing sound for event: minecraft:block.end_portal_frame.fill
[21:31:19] [Render thread/WARN]: Missing sound for event: minecraft:block.end_portal.spawn
[21:31:19] [Render thread/WARN]: Missing sound for event: minecraft:entity.evoker.ambient
[21:31:19] [Render thread/WARN]: Missing sound for event: minecraft:entity.evoker.cast_spell
[21:31:19] [Render thread/WARN]: Missing sound for event: minecraft:entity.evoker.celebrate
[21:31:19] [Render thread/WARN]: Missing sound for event: minecraft:entity.evoker.death
[21:31:19] [Render thread/WARN]: Missing sound for event: minecraft:entity.evoker_fangs.attack
[21:31:19] [Render thread/WARN]: Missing sound for event: minecraft:entity.evoker.hurt
[21:31:19] [Render thread/WARN]: Missing sound for event: minecraft:entity.evoker.prepare_attack
[21:31:19] [Render thread/WARN]: Missing sound for event: minecraft:entity.evoker.prepare_summon
[21:31:19] [Render thread/WARN]: Missing sound for event: minecraft:entity.evoker.prepare_wololo
[21:31:19] [Render thread/WARN]: Missing sound for event: minecraft:entity.experience_bottle.throw
[21:31:19] [Render thread/WARN]: Missing sound for event: minecraft:entity.experience_orb.pickup
[21:31:19] [Render thread/WARN]: Missing sound for event: minecraft:block.eyeblossom.open_long
[21:31:19] [Render thread/WARN]: Missing sound for event: minecraft:block.eyeblossom.open
[21:31:19] [Render thread/WARN]: Missing sound for event: minecraft:block.eyeblossom.close_long
[21:31:19] [Render thread/WARN]: Missing sound for event: minecraft:block.eyeblossom.close
[21:31:19] [Render thread/WARN]: Missing sound for event: minecraft:block.eyeblossom.idle
[21:31:19] [Render thread/WARN]: Missing sound for event: minecraft:block.fence_gate.close
[21:31:19] [Render thread/WARN]: Missing sound for event: minecraft:block.fence_gate.open
[21:31:19] [Render thread/WARN]: Missing sound for event: minecraft:item.firecharge.use
[21:31:19] [Render thread/WARN]: Missing sound for event: minecraft:entity.firework_rocket.blast
[21:31:19] [Render thread/WARN]: Missing sound for event: minecraft:entity.firework_rocket.blast_far
[21:31:19] [Render thread/WARN]: Missing sound for event: minecraft:entity.firework_rocket.large_blast
[21:31:19] [Render thread/WARN]: Missing sound for event: minecraft:entity.firework_rocket.large_blast_far
[21:31:19] [Render thread/WARN]: Missing sound for event: minecraft:entity.firework_rocket.launch
[21:31:19] [Render thread/WARN]: Missing sound for event: minecraft:entity.firework_rocket.shoot
[21:31:19] [Render thread/WARN]: Missing sound for event: minecraft:entity.firework_rocket.twinkle
[21:31:19] [Render thread/WARN]: Missing sound for event: minecraft:entity.firework_rocket.twinkle_far
[21:31:19] [Render thread/WARN]: Missing sound for event: minecraft:block.fire.ambient
[21:31:19] [Render thread/WARN]: Missing sound for event: minecraft:block.fire.extinguish
[21:31:19] [Render thread/WARN]: Missing sound for event: minecraft:entity.fish.swim
[21:31:19] [Render thread/WARN]: Missing sound for event: minecraft:entity.fishing_bobber.retrieve
[21:31:19] [Render thread/WARN]: Missing sound for event: minecraft:entity.fishing_bobber.splash
[21:31:19] [Render thread/WARN]: Missing sound for event: minecraft:entity.fishing_bobber.throw
[21:31:19] [Render thread/WARN]: Missing sound for event: minecraft:item.flintandsteel.use
[21:31:19] [Render thread/WARN]: Missing sound for event: minecraft:block.flowering_azalea.break
[21:31:19] [Render thread/WARN]: Missing sound for event: minecraft:block.flowering_azalea.fall
[21:31:19] [Render thread/WARN]: Missing sound for event: minecraft:block.flowering_azalea.hit
[21:31:19] [Render thread/WARN]: Missing sound for event: minecraft:block.flowering_azalea.place
[21:31:19] [Render thread/WARN]: Missing sound for event: minecraft:block.flowering_azalea.step
[21:31:19] [Render thread/WARN]: Missing sound for event: minecraft:entity.fox.aggro
[21:31:19] [Render thread/WARN]: Missing sound for event: minecraft:entity.fox.ambient
[21:31:19] [Render thread/WARN]: Missing sound for event: minecraft:entity.fox.bite
[21:31:19] [Render thread/WARN]: Missing sound for event: minecraft:entity.fox.death
[21:31:19] [Render thread/WARN]: Missing sound for event: minecraft:entity.fox.eat
[21:31:19] [Render thread/WARN]: Missing sound for event: minecraft:entity.fox.hurt
[21:31:19] [Render thread/WARN]: Missing sound for event: minecraft:entity.fox.screech
[21:31:19] [Render thread/WARN]: Missing sound for event: minecraft:entity.fox.sleep
[21:31:19] [Render thread/WARN]: Missing sound for event: minecraft:entity.fox.sniff
[21:31:19] [Render thread/WARN]: Missing sound for event: minecraft:entity.fox.spit
[21:31:19] [Render thread/WARN]: Missing sound for event: minecraft:entity.fox.teleport
[21:31:19] [Render thread/WARN]: Missing sound for event: minecraft:block.suspicious_sand.break
[21:31:19] [Render thread/WARN]: Missing sound for event: minecraft:block.suspicious_sand.step
[21:31:19] [Render thread/WARN]: Missing sound for event: minecraft:block.suspicious_sand.place
[21:31:19] [Render thread/WARN]: Missing sound for event: minecraft:block.suspicious_sand.hit
[21:31:19] [Render thread/WARN]: Missing sound for event: minecraft:block.suspicious_sand.fall
[21:31:19] [Render thread/WARN]: Missing sound for event: minecraft:block.suspicious_gravel.break
[21:31:19] [Render thread/WARN]: Missing sound for event: minecraft:block.suspicious_gravel.step
[21:31:19] [Render thread/WARN]: Missing sound for event: minecraft:block.suspicious_gravel.place
[21:31:19] [Render thread/WARN]: Missing sound for event: minecraft:block.suspicious_gravel.hit
[21:31:19] [Render thread/WARN]: Missing sound for event: minecraft:block.suspicious_gravel.fall
[21:31:19] [Render thread/WARN]: Missing sound for event: minecraft:block.froglight.break
[21:31:19] [Render thread/WARN]: Missing sound for event: minecraft:block.froglight.fall
[21:31:19] [Render thread/WARN]: Missing sound for event: minecraft:block.froglight.hit
[21:31:19] [Render thread/WARN]: Missing sound for event: minecraft:block.froglight.place
[21:31:19] [Render thread/WARN]: Missing sound for event: minecraft:block.froglight.step
[21:31:19] [Render thread/WARN]: Missing sound for event: minecraft:block.frogspawn.step
[21:31:19] [Render thread/WARN]: Missing sound for event: minecraft:block.frogspawn.break
[21:31:19] [Render thread/WARN]: Missing sound for event: minecraft:block.frogspawn.fall
[21:31:19] [Render thread/WARN]: Missing sound for event: minecraft:block.frogspawn.hatch
[21:31:19] [Render thread/WARN]: Missing sound for event: minecraft:block.frogspawn.hit
[21:31:19] [Render thread/WARN]: Missing sound for event: minecraft:block.frogspawn.place
[21:31:19] [Render thread/WARN]: Missing sound for event: minecraft:entity.frog.ambient
[21:31:19] [Render thread/WARN]: Missing sound for event: minecraft:entity.frog.death
[21:31:19] [Render thread/WARN]: Missing sound for event: minecraft:entity.frog.eat
[21:31:19] [Render thread/WARN]: Missing sound for event: minecraft:entity.frog.hurt
[21:31:19] [Render thread/WARN]: Missing sound for event: minecraft:entity.frog.lay_spawn
[21:31:19] [Render thread/WARN]: Missing sound for event: minecraft:entity.frog.long_jump
[21:31:19] [Render thread/WARN]: Missing sound for event: minecraft:entity.frog.step
[21:31:19] [Render thread/WARN]: Missing sound for event: minecraft:entity.frog.tongue
[21:31:19] [Render thread/WARN]: Missing sound for event: minecraft:block.roots.break
[21:31:19] [Render thread/WARN]: Missing sound for event: minecraft:block.roots.step
[21:31:19] [Render thread/WARN]: Missing sound for event: minecraft:block.roots.place
[21:31:19] [Render thread/WARN]: Missing sound for event: minecraft:block.roots.hit
[21:31:19] [Render thread/WARN]: Missing sound for event: minecraft:block.roots.fall
[21:31:19] [Render thread/WARN]: Missing sound for event: minecraft:block.furnace.fire_crackle
[21:31:19] [Render thread/WARN]: Missing sound for event: minecraft:entity.generic.big_fall
[21:31:19] [Render thread/WARN]: Missing sound for event: minecraft:entity.generic.burn
[21:31:19] [Render thread/WARN]: Missing sound for event: minecraft:entity.generic.death
[21:31:19] [Render thread/WARN]: Missing sound for event: minecraft:entity.generic.drink
[21:31:19] [Render thread/WARN]: Missing sound for event: minecraft:entity.generic.eat
[21:31:19] [Render thread/WARN]: Missing sound for event: minecraft:entity.generic.explode
[21:31:19] [Render thread/WARN]: Missing sound for event: minecraft:entity.generic.extinguish_fire
[21:31:19] [Render thread/WARN]: Missing sound for event: minecraft:entity.generic.hurt
[21:31:19] [Render thread/WARN]: Missing sound for event: minecraft:entity.generic.small_fall
[21:31:19] [Render thread/WARN]: Missing sound for event: minecraft:entity.generic.splash
[21:31:19] [Render thread/WARN]: Missing sound for event: minecraft:entity.generic.swim
[21:31:19] [Render thread/WARN]: Missing sound for event: minecraft:entity.ghast.ambient
[21:31:19] [Render thread/WARN]: Missing sound for event: minecraft:entity.ghast.death
[21:31:19] [Render thread/WARN]: Missing sound for event: minecraft:entity.ghast.hurt
[21:31:19] [Render thread/WARN]: Missing sound for event: minecraft:entity.ghast.scream
[21:31:19] [Render thread/WARN]: Missing sound for event: minecraft:entity.ghast.shoot
[21:31:19] [Render thread/WARN]: Missing sound for event: minecraft:entity.ghast.warn
[21:31:19] [Render thread/WARN]: Missing sound for event: minecraft:block.gilded_blackstone.break
[21:31:19] [Render thread/WARN]: Missing sound for event: minecraft:block.gilded_blackstone.fall
[21:31:19] [Render thread/WARN]: Missing sound for event: minecraft:block.gilded_blackstone.hit
[21:31:19] [Render thread/WARN]: Missing sound for event: minecraft:block.gilded_blackstone.place
[21:31:19] [Render thread/WARN]: Missing sound for event: minecraft:block.gilded_blackstone.step
[21:31:19] [Render thread/WARN]: Missing sound for event: minecraft:block.glass.break
[21:31:19] [Render thread/WARN]: Missing sound for event: minecraft:block.glass.fall
[21:31:19] [Render thread/WARN]: Missing sound for event: minecraft:block.glass.hit
[21:31:19] [Render thread/WARN]: Missing sound for event: minecraft:block.glass.place
[21:31:19] [Render thread/WARN]: Missing sound for event: minecraft:block.glass.step
[21:31:19] [Render thread/WARN]: Missing sound for event: minecraft:item.glow_ink_sac.use
[21:31:19] [Render thread/WARN]: Missing sound for event: minecraft:entity.glow_item_frame.add_item
[21:31:19] [Render thread/WARN]: Missing sound for event: minecraft:entity.glow_item_frame.break
[21:31:19] [Render thread/WARN]: Missing sound for event: minecraft:entity.glow_item_frame.place
[21:31:19] [Render thread/WARN]: Missing sound for event: minecraft:entity.glow_item_frame.remove_item
[21:31:19] [Render thread/WARN]: Missing sound for event: minecraft:entity.glow_item_frame.rotate_item
[21:31:19] [Render thread/WARN]: Missing sound for event: minecraft:entity.glow_squid.ambient
[21:31:19] [Render thread/WARN]: Missing sound for event: minecraft:entity.glow_squid.death
[21:31:19] [Render thread/WARN]: Missing sound for event: minecraft:entity.glow_squid.hurt
[21:31:19] [Render thread/WARN]: Missing sound for event: minecraft:entity.glow_squid.squirt
[21:31:19] [Render thread/WARN]: Missing sound for event: minecraft:entity.goat.ambient
[21:31:19] [Render thread/WARN]: Missing sound for event: minecraft:entity.goat.death
[21:31:19] [Render thread/WARN]: Missing sound for event: minecraft:entity.goat.eat
[21:31:19] [Render thread/WARN]: Missing sound for event: minecraft:entity.goat.hurt
[21:31:19] [Render thread/WARN]: Missing sound for event: minecraft:entity.goat.long_jump
[21:31:19] [Render thread/WARN]: Missing sound for event: minecraft:entity.goat.milk
[21:31:19] [Render thread/WARN]: Missing sound for event: minecraft:entity.goat.prepare_ram
[21:31:19] [Render thread/WARN]: Missing sound for event: minecraft:entity.goat.ram_impact
[21:31:19] [Render thread/WARN]: Missing sound for event: minecraft:entity.goat.horn_break
[21:31:19] [Render thread/WARN]: Missing sound for event: minecraft:entity.goat.screaming.ambient
[21:31:19] [Render thread/WARN]: Missing sound for event: minecraft:entity.goat.screaming.death
[21:31:19] [Render thread/WARN]: Missing sound for event: minecraft:entity.goat.screaming.eat
[21:31:19] [Render thread/WARN]: Missing sound for event: minecraft:entity.goat.screaming.hurt
[21:31:19] [Render thread/WARN]: Missing sound for event: minecraft:entity.goat.screaming.long_jump
[21:31:19] [Render thread/WARN]: Missing sound for event: minecraft:entity.goat.screaming.milk
[21:31:19] [Render thread/WARN]: Missing sound for event: minecraft:entity.goat.screaming.prepare_ram
[21:31:19] [Render thread/WARN]: Missing sound for event: minecraft:entity.goat.screaming.ram_impact
[21:31:19] [Render thread/WARN]: Missing sound for event: minecraft:entity.goat.step
[21:31:19] [Render thread/WARN]: Missing sound for event: minecraft:block.grass.break
[21:31:19] [Render thread/WARN]: Missing sound for event: minecraft:block.grass.fall
[21:31:19] [Render thread/WARN]: Missing sound for event: minecraft:block.grass.hit
[21:31:19] [Render thread/WARN]: Missing sound for event: minecraft:block.grass.place
[21:31:19] [Render thread/WARN]: Missing sound for event: minecraft:block.grass.step
[21:31:19] [Render thread/WARN]: Missing sound for event: minecraft:block.gravel.break
[21:31:19] [Render thread/WARN]: Missing sound for event: minecraft:block.gravel.fall
[21:31:19] [Render thread/WARN]: Missing sound for event: minecraft:block.gravel.hit
[21:31:19] [Render thread/WARN]: Missing sound for event: minecraft:block.gravel.place
[21:31:19] [Render thread/WARN]: Missing sound for event: minecraft:block.gravel.step
[21:31:19] [Render thread/WARN]: Missing sound for event: minecraft:block.grindstone.use
[21:31:19] [Render thread/WARN]: Missing sound for event: minecraft:block.growing_plant.crop
[21:31:19] [Render thread/WARN]: Missing sound for event: minecraft:entity.guardian.ambient
[21:31:19] [Render thread/WARN]: Missing sound for event: minecraft:entity.guardian.ambient_land
[21:31:19] [Render thread/WARN]: Missing sound for event: minecraft:entity.guardian.attack
[21:31:19] [Render thread/WARN]: Missing sound for event: minecraft:entity.guardian.death
[21:31:19] [Render thread/WARN]: Missing sound for event: minecraft:entity.guardian.death_land
[21:31:19] [Render thread/WARN]: Missing sound for event: minecraft:entity.guardian.flop
[21:31:19] [Render thread/WARN]: Missing sound for event: minecraft:entity.guardian.hurt
[21:31:19] [Render thread/WARN]: Missing sound for event: minecraft:entity.guardian.hurt_land
[21:31:19] [Render thread/WARN]: Missing sound for event: minecraft:block.hanging_roots.break
[21:31:19] [Render thread/WARN]: Missing sound for event: minecraft:block.hanging_roots.fall
[21:31:19] [Render thread/WARN]: Missing sound for event: minecraft:block.hanging_roots.hit
[21:31:19] [Render thread/WARN]: Missing sound for event: minecraft:block.hanging_roots.place
[21:31:19] [Render thread/WARN]: Missing sound for event: minecraft:block.hanging_roots.step
[21:31:19] [Render thread/WARN]: Missing sound for event: minecraft:block.hanging_sign.step
[21:31:19] [Render thread/WARN]: Missing sound for event: minecraft:block.hanging_sign.break
[21:31:19] [Render thread/WARN]: Missing sound for event: minecraft:block.hanging_sign.fall
[21:31:19] [Render thread/WARN]: Missing sound for event: minecraft:block.hanging_sign.hit
[21:31:19] [Render thread/WARN]: Missing sound for event: minecraft:block.hanging_sign.place
[21:31:19] [Render thread/WARN]: Missing sound for event: minecraft:block.heavy_core.break
[21:31:19] [Render thread/WARN]: Missing sound for event: minecraft:block.heavy_core.fall
[21:31:19] [Render thread/WARN]: Missing sound for event: minecraft:block.heavy_core.hit
[21:31:19] [Render thread/WARN]: Missing sound for event: minecraft:block.heavy_core.place
[21:31:19] [Render thread/WARN]: Missing sound for event: minecraft:block.heavy_core.step
[21:31:19] [Render thread/WARN]: Missing sound for event: minecraft:block.nether_wood_hanging_sign.step
[21:31:19] [Render thread/WARN]: Missing sound for event: minecraft:block.nether_wood_hanging_sign.break
[21:31:19] [Render thread/WARN]: Missing sound for event: minecraft:block.nether_wood_hanging_sign.fall
[21:31:19] [Render thread/WARN]: Missing sound for event: minecraft:block.nether_wood_hanging_sign.hit
[21:31:19] [Render thread/WARN]: Missing sound for event: minecraft:block.nether_wood_hanging_sign.place
[21:31:19] [Render thread/WARN]: Missing sound for event: minecraft:block.bamboo_wood_hanging_sign.step
[21:31:19] [Render thread/WARN]: Missing sound for event: minecraft:block.bamboo_wood_hanging_sign.break
[21:31:19] [Render thread/WARN]: Missing sound for event: minecraft:block.bamboo_wood_hanging_sign.fall
[21:31:19] [Render thread/WARN]: Missing sound for event: minecraft:block.bamboo_wood_hanging_sign.hit
[21:31:19] [Render thread/WARN]: Missing sound for event: minecraft:block.bamboo_wood_hanging_sign.place
[21:31:19] [Render thread/WARN]: Missing sound for event: minecraft:block.trial_spawner.break
[21:31:19] [Render thread/WARN]: Missing sound for event: minecraft:block.trial_spawner.step
[21:31:19] [Render thread/WARN]: Missing sound for event: minecraft:block.trial_spawner.place
[21:31:19] [Render thread/WARN]: Missing sound for event: minecraft:block.trial_spawner.hit
[21:31:19] [Render thread/WARN]: Missing sound for event: minecraft:block.trial_spawner.fall
[21:31:19] [Render thread/WARN]: Missing sound for event: minecraft:block.trial_spawner.spawn_mob
[21:31:19] [Render thread/WARN]: Missing sound for event: minecraft:block.trial_spawner.about_to_spawn_item
[21:31:19] [Render thread/WARN]: Missing sound for event: minecraft:block.trial_spawner.spawn_item
[21:31:19] [Render thread/WARN]: Missing sound for event: minecraft:block.trial_spawner.spawn_item_begin
[21:31:19] [Render thread/WARN]: Missing sound for event: minecraft:block.trial_spawner.detect_player
[21:31:19] [Render thread/WARN]: Missing sound for event: minecraft:block.trial_spawner.ominous_activate
[21:31:19] [Render thread/WARN]: Missing sound for event: minecraft:block.trial_spawner.ambient
[21:31:19] [Render thread/WARN]: Missing sound for event: minecraft:block.trial_spawner.ambient_ominous
[21:31:19] [Render thread/WARN]: Missing sound for event: minecraft:block.trial_spawner.open_shutter
[21:31:19] [Render thread/WARN]: Missing sound for event: minecraft:block.trial_spawner.close_shutter
[21:31:19] [Render thread/WARN]: Missing sound for event: minecraft:block.trial_spawner.eject_item
[21:31:19] [Render thread/WARN]: Missing sound for event: minecraft:item.hoe.till
[21:31:19] [Render thread/WARN]: Missing sound for event: minecraft:entity.hoglin.ambient
[21:31:19] [Render thread/WARN]: Missing sound for event: minecraft:entity.hoglin.angry
[21:31:19] [Render thread/WARN]: Missing sound for event: minecraft:entity.hoglin.attack
[21:31:19] [Render thread/WARN]: Missing sound for event: minecraft:entity.hoglin.converted_to_zombified
[21:31:19] [Render thread/WARN]: Missing sound for event: minecraft:entity.hoglin.death
[21:31:19] [Render thread/WARN]: Missing sound for event: minecraft:entity.hoglin.hurt
[21:31:19] [Render thread/WARN]: Missing sound for event: minecraft:entity.hoglin.retreat
[21:31:19] [Render thread/WARN]: Missing sound for event: minecraft:entity.hoglin.step
[21:31:19] [Render thread/WARN]: Missing sound for event: minecraft:block.honey_block.break
[21:31:19] [Render thread/WARN]: Missing sound for event: minecraft:block.honey_block.fall
[21:31:19] [Render thread/WARN]: Missing sound for event: minecraft:block.honey_block.hit
[21:31:19] [Render thread/WARN]: Missing sound for event: minecraft:block.honey_block.place
[21:31:19] [Render thread/WARN]: Missing sound for event: minecraft:block.honey_block.slide
[21:31:19] [Render thread/WARN]: Missing sound for event: minecraft:block.honey_block.step
[21:31:19] [Render thread/WARN]: Missing sound for event: minecraft:item.honeycomb.wax_on
[21:31:19] [Render thread/WARN]: Missing sound for event: minecraft:item.honey_bottle.drink
[21:31:19] [Render thread/WARN]: Missing sound for event: minecraft:item.goat_horn.sound.0
[21:31:19] [Render thread/WARN]: Missing sound for event: minecraft:item.goat_horn.sound.1
[21:31:19] [Render thread/WARN]: Missing sound for event: minecraft:item.goat_horn.sound.2
[21:31:19] [Render thread/WARN]: Missing sound for event: minecraft:item.goat_horn.sound.3
[21:31:19] [Render thread/WARN]: Missing sound for event: minecraft:item.goat_horn.sound.4
[21:31:19] [Render thread/WARN]: Missing sound for event: minecraft:item.goat_horn.sound.5
[21:31:19] [Render thread/WARN]: Missing sound for event: minecraft:item.goat_horn.sound.6
[21:31:19] [Render thread/WARN]: Missing sound for event: minecraft:item.goat_horn.sound.7
[21:31:19] [Render thread/WARN]: Missing sound for event: minecraft:entity.horse.ambient
[21:31:19] [Render thread/WARN]: Missing sound for event: minecraft:entity.horse.angry
[21:31:19] [Render thread/WARN]: Missing sound for event: minecraft:entity.horse.armor
[21:31:19] [Render thread/WARN]: Missing sound for event: minecraft:entity.horse.breathe
[21:31:19] [Render thread/WARN]: Missing sound for event: minecraft:entity.horse.death
[21:31:19] [Render thread/WARN]: Missing sound for event: minecraft:entity.horse.eat
[21:31:19] [Render thread/WARN]: Missing sound for event: minecraft:entity.horse.gallop
[21:31:19] [Render thread/WARN]: Missing sound for event: minecraft:entity.horse.hurt
[21:31:19] [Render thread/WARN]: Missing sound for event: minecraft:entity.horse.jump
[21:31:19] [Render thread/WARN]: Missing sound for event: minecraft:entity.horse.land
[21:31:19] [Render thread/WARN]: Missing sound for event: minecraft:entity.horse.saddle
[21:31:19] [Render thread/WARN]: Missing sound for event: minecraft:entity.horse.step
[21:31:19] [Render thread/WARN]: Missing sound for event: minecraft:entity.horse.step_wood
[21:31:19] [Render thread/WARN]: Missing sound for event: minecraft:entity.hostile.big_fall
[21:31:19] [Render thread/WARN]: Missing sound for event: minecraft:entity.hostile.death
[21:31:19] [Render thread/WARN]: Missing sound for event: minecraft:entity.hostile.hurt
[21:31:19] [Render thread/WARN]: Missing sound for event: minecraft:entity.hostile.small_fall
[21:31:19] [Render thread/WARN]: Missing sound for event: minecraft:entity.hostile.splash
[21:31:19] [Render thread/WARN]: Missing sound for event: minecraft:entity.hostile.swim
[21:31:19] [Render thread/WARN]: Missing sound for event: minecraft:entity.husk.ambient
[21:31:19] [Render thread/WARN]: Missing sound for event: minecraft:entity.husk.converted_to_zombie
[21:31:19] [Render thread/WARN]: Missing sound for event: minecraft:entity.husk.death
[21:31:19] [Render thread/WARN]: Missing sound for event: minecraft:entity.husk.hurt
[21:31:19] [Render thread/WARN]: Missing sound for event: minecraft:entity.husk.step
[21:31:19] [Render thread/WARN]: Missing sound for event: minecraft:entity.illusioner.ambient
[21:31:19] [Render thread/WARN]: Missing sound for event: minecraft:entity.illusioner.cast_spell
[21:31:19] [Render thread/WARN]: Missing sound for event: minecraft:entity.illusioner.death
[21:31:19] [Render thread/WARN]: Missing sound for event: minecraft:entity.illusioner.hurt
[21:31:19] [Render thread/WARN]: Missing sound for event: minecraft:entity.illusioner.mirror_move
[21:31:19] [Render thread/WARN]: Missing sound for event: minecraft:entity.illusioner.prepare_blindness
[21:31:19] [Render thread/WARN]: Missing sound for event: minecraft:entity.illusioner.prepare_mirror
[21:31:19] [Render thread/WARN]: Missing sound for event: minecraft:item.ink_sac.use
[21:31:19] [Render thread/WARN]: Missing sound for event: minecraft:block.iron_door.close
[21:31:19] [Render thread/WARN]: Missing sound for event: minecraft:block.iron_door.open
[21:31:19] [Render thread/WARN]: Missing sound for event: minecraft:entity.iron_golem.attack
[21:31:19] [Render thread/WARN]: Missing sound for event: minecraft:entity.iron_golem.damage
[21:31:19] [Render thread/WARN]: Missing sound for event: minecraft:entity.iron_golem.death
[21:31:19] [Render thread/WARN]: Missing sound for event: minecraft:entity.iron_golem.hurt
[21:31:19] [Render thread/WARN]: Missing sound for event: minecraft:entity.iron_golem.repair
[21:31:19] [Render thread/WARN]: Missing sound for event: minecraft:entity.iron_golem.step
[21:31:19] [Render thread/WARN]: Missing sound for event: minecraft:block.iron_trapdoor.close
[21:31:19] [Render thread/WARN]: Missing sound for event: minecraft:block.iron_trapdoor.open
[21:31:19] [Render thread/WARN]: Missing sound for event: minecraft:entity.item_frame.add_item
[21:31:19] [Render thread/WARN]: Missing sound for event: minecraft:entity.item_frame.break
[21:31:19] [Render thread/WARN]: Missing sound for event: minecraft:entity.item_frame.place
[21:31:19] [Render thread/WARN]: Missing sound for event: minecraft:entity.item_frame.remove_item
[21:31:19] [Render thread/WARN]: Missing sound for event: minecraft:entity.item_frame.rotate_item
[21:31:19] [Render thread/WARN]: Missing sound for event: minecraft:entity.item.break
[21:31:19] [Render thread/WARN]: Missing sound for event: minecraft:entity.item.pickup
[21:31:19] [Render thread/WARN]: Missing sound for event: minecraft:block.ladder.break
[21:31:19] [Render thread/WARN]: Missing sound for event: minecraft:block.ladder.fall
[21:31:19] [Render thread/WARN]: Missing sound for event: minecraft:block.ladder.hit
[21:31:19] [Render thread/WARN]: Missing sound for event: minecraft:block.ladder.place
[21:31:19] [Render thread/WARN]: Missing sound for event: minecraft:block.ladder.step
[21:31:19] [Render thread/WARN]: Missing sound for event: minecraft:block.lantern.break
[21:31:19] [Render thread/WARN]: Missing sound for event: minecraft:block.lantern.fall
[21:31:19] [Render thread/WARN]: Missing sound for event: minecraft:block.lantern.hit
[21:31:19] [Render thread/WARN]: Missing sound for event: minecraft:block.lantern.place
[21:31:19] [Render thread/WARN]: Missing sound for event: minecraft:block.lantern.step
[21:31:19] [Render thread/WARN]: Missing sound for event: minecraft:block.large_amethyst_bud.break
[21:31:19] [Render thread/WARN]: Missing sound for event: minecraft:block.large_amethyst_bud.place
[21:31:19] [Render thread/WARN]: Missing sound for event: minecraft:block.lava.ambient
[21:31:19] [Render thread/WARN]: Missing sound for event: minecraft:block.lava.extinguish
[21:31:19] [Render thread/WARN]: Missing sound for event: minecraft:block.lava.pop
[21:31:19] [Render thread/WARN]: Missing sound for event: minecraft:entity.leash_knot.break
[21:31:19] [Render thread/WARN]: Missing sound for event: minecraft:entity.leash_knot.place
[21:31:19] [Render thread/WARN]: Missing sound for event: minecraft:block.lever.click
[21:31:19] [Render thread/WARN]: Missing sound for event: minecraft:entity.lightning_bolt.impact
[21:31:19] [Render thread/WARN]: Missing sound for event: minecraft:entity.lightning_bolt.thunder
[21:31:19] [Render thread/WARN]: Missing sound for event: minecraft:entity.lingering_potion.throw
[21:31:19] [Render thread/WARN]: Missing sound for event: minecraft:entity.llama.ambient
[21:31:19] [Render thread/WARN]: Missing sound for event: minecraft:entity.llama.angry
[21:31:19] [Render thread/WARN]: Missing sound for event: minecraft:entity.llama.chest
[21:31:19] [Render thread/WARN]: Missing sound for event: minecraft:entity.llama.death
[21:31:19] [Render thread/WARN]: Missing sound for event: minecraft:entity.llama.eat
[21:31:19] [Render thread/WARN]: Missing sound for event: minecraft:entity.llama.hurt
[21:31:19] [Render thread/WARN]: Missing sound for event: minecraft:entity.llama.spit
[21:31:19] [Render thread/WARN]: Missing sound for event: minecraft:entity.llama.step
[21:31:19] [Render thread/WARN]: Missing sound for event: minecraft:entity.llama.swag
[21:31:19] [Render thread/WARN]: Missing sound for event: minecraft:entity.magma_cube.death_small
[21:31:19] [Render thread/WARN]: Missing sound for event: minecraft:block.lodestone.break
[21:31:19] [Render thread/WARN]: Missing sound for event: minecraft:block.lodestone.step
[21:31:19] [Render thread/WARN]: Missing sound for event: minecraft:block.lodestone.place
[21:31:19] [Render thread/WARN]: Missing sound for event: minecraft:block.lodestone.hit
[21:31:19] [Render thread/WARN]: Missing sound for event: minecraft:block.lodestone.fall
[21:31:19] [Render thread/WARN]: Missing sound for event: minecraft:item.lodestone_compass.lock
[21:31:19] [Render thread/WARN]: Missing sound for event: minecraft:item.mace.smash_air
[21:31:19] [Render thread/WARN]: Missing sound for event: minecraft:item.mace.smash_ground
[21:31:19] [Render thread/WARN]: Missing sound for event: minecraft:item.mace.smash_ground_heavy
[21:31:19] [Render thread/WARN]: Missing sound for event: minecraft:entity.magma_cube.death
[21:31:19] [Render thread/WARN]: Missing sound for event: minecraft:entity.magma_cube.hurt
[21:31:19] [Render thread/WARN]: Missing sound for event: minecraft:entity.magma_cube.hurt_small
[21:31:19] [Render thread/WARN]: Missing sound for event: minecraft:entity.magma_cube.jump
[21:31:19] [Render thread/WARN]: Missing sound for event: minecraft:entity.magma_cube.squish
[21:31:19] [Render thread/WARN]: Missing sound for event: minecraft:entity.magma_cube.squish_small
[21:31:19] [Render thread/WARN]: Missing sound for event: minecraft:block.mangrove_roots.break
[21:31:19] [Render thread/WARN]: Missing sound for event: minecraft:block.mangrove_roots.fall
[21:31:19] [Render thread/WARN]: Missing sound for event: minecraft:block.mangrove_roots.hit
[21:31:19] [Render thread/WARN]: Missing sound for event: minecraft:block.mangrove_roots.place
[21:31:19] [Render thread/WARN]: Missing sound for event: minecraft:block.mangrove_roots.step
[21:31:19] [Render thread/WARN]: Missing sound for event: minecraft:block.medium_amethyst_bud.break
[21:31:19] [Render thread/WARN]: Missing sound for event: minecraft:block.medium_amethyst_bud.place
[21:31:19] [Render thread/WARN]: Missing sound for event: minecraft:block.metal.break
[21:31:19] [Render thread/WARN]: Missing sound for event: minecraft:block.metal.fall
[21:31:19] [Render thread/WARN]: Missing sound for event: minecraft:block.metal.hit
[21:31:19] [Render thread/WARN]: Missing sound for event: minecraft:block.metal.place
[21:31:19] [Render thread/WARN]: Missing sound for event: minecraft:block.metal_pressure_plate.click_off
[21:31:19] [Render thread/WARN]: Missing sound for event: minecraft:block.metal_pressure_plate.click_on
[21:31:19] [Render thread/WARN]: Missing sound for event: minecraft:block.metal.step
[21:31:19] [Render thread/WARN]: Missing sound for event: minecraft:entity.minecart.inside.underwater
[21:31:19] [Render thread/WARN]: Missing sound for event: minecraft:entity.minecart.inside
[21:31:19] [Render thread/WARN]: Missing sound for event: minecraft:entity.minecart.riding
[21:31:19] [Render thread/WARN]: Missing sound for event: minecraft:entity.mooshroom.convert
[21:31:19] [Render thread/WARN]: Missing sound for event: minecraft:entity.mooshroom.eat
[21:31:19] [Render thread/WARN]: Missing sound for event: minecraft:entity.mooshroom.milk
[21:31:19] [Render thread/WARN]: Missing sound for event: minecraft:entity.mooshroom.suspicious_milk
[21:31:19] [Render thread/WARN]: Missing sound for event: minecraft:entity.mooshroom.shear
[21:31:19] [Render thread/WARN]: Missing sound for event: minecraft:block.moss_carpet.break
[21:31:19] [Render thread/WARN]: Missing sound for event: minecraft:block.moss_carpet.fall
[21:31:19] [Render thread/WARN]: Missing sound for event: minecraft:block.moss_carpet.hit
[21:31:19] [Render thread/WARN]: Missing sound for event: minecraft:block.moss_carpet.place
[21:31:19] [Render thread/WARN]: Missing sound for event: minecraft:block.moss_carpet.step
[21:31:19] [Render thread/WARN]: Missing sound for event: minecraft:block.pink_petals.break
[21:31:19] [Render thread/WARN]: Missing sound for event: minecraft:block.pink_petals.fall
[21:31:19] [Render thread/WARN]: Missing sound for event: minecraft:block.pink_petals.hit
[21:31:19] [Render thread/WARN]: Missing sound for event: minecraft:block.pink_petals.place
[21:31:19] [Render thread/WARN]: Missing sound for event: minecraft:block.pink_petals.step
[21:31:19] [Render thread/WARN]: Missing sound for event: minecraft:block.moss.break
[21:31:19] [Render thread/WARN]: Missing sound for event: minecraft:block.moss.fall
[21:31:19] [Render thread/WARN]: Missing sound for event: minecraft:block.moss.hit
[21:31:19] [Render thread/WARN]: Missing sound for event: minecraft:block.moss.place
[21:31:19] [Render thread/WARN]: Missing sound for event: minecraft:block.moss.step
[21:31:19] [Render thread/WARN]: Missing sound for event: minecraft:block.mud.break
[21:31:19] [Render thread/WARN]: Missing sound for event: minecraft:block.mud.fall
[21:31:19] [Render thread/WARN]: Missing sound for event: minecraft:block.mud.hit
[21:31:19] [Render thread/WARN]: Missing sound for event: minecraft:block.mud.place
[21:31:19] [Render thread/WARN]: Missing sound for event: minecraft:block.mud.step
[21:31:19] [Render thread/WARN]: Missing sound for event: minecraft:block.mud_bricks.break
[21:31:19] [Render thread/WARN]: Missing sound for event: minecraft:block.mud_bricks.fall
[21:31:19] [Render thread/WARN]: Missing sound for event: minecraft:block.mud_bricks.hit
[21:31:19] [Render thread/WARN]: Missing sound for event: minecraft:block.mud_bricks.place
[21:31:19] [Render thread/WARN]: Missing sound for event: minecraft:block.mud_bricks.step
[21:31:19] [Render thread/WARN]: Missing sound for event: minecraft:block.muddy_mangrove_roots.break
[21:31:19] [Render thread/WARN]: Missing sound for event: minecraft:block.muddy_mangrove_roots.fall
[21:31:19] [Render thread/WARN]: Missing sound for event: minecraft:block.muddy_mangrove_roots.hit
[21:31:19] [Render thread/WARN]: Missing sound for event: minecraft:block.muddy_mangrove_roots.place
[21:31:19] [Render thread/WARN]: Missing sound for event: minecraft:block.muddy_mangrove_roots.step
[21:31:19] [Render thread/WARN]: Missing sound for event: minecraft:entity.mule.ambient
[21:31:19] [Render thread/WARN]: Missing sound for event: minecraft:entity.mule.angry
[21:31:19] [Render thread/WARN]: Missing sound for event: minecraft:entity.mule.chest
[21:31:19] [Render thread/WARN]: Missing sound for event: minecraft:entity.mule.death
[21:31:19] [Render thread/WARN]: Missing sound for event: minecraft:entity.mule.eat
[21:31:19] [Render thread/WARN]: Missing sound for event: minecraft:entity.mule.hurt
[21:31:19] [Render thread/WARN]: Missing sound for event: minecraft:entity.mule.jump
[21:31:19] [Render thread/WARN]: Missing sound for event: minecraft:music.creative
[21:31:19] [Render thread/WARN]: Missing sound for event: minecraft:music.credits
[21:31:19] [Render thread/WARN]: Missing sound for event: minecraft:music_disc.5
[21:31:19] [Render thread/WARN]: Missing sound for event: minecraft:music_disc.11
[21:31:19] [Render thread/WARN]: Missing sound for event: minecraft:music_disc.13
[21:31:19] [Render thread/WARN]: Missing sound for event: minecraft:music_disc.blocks
[21:31:19] [Render thread/WARN]: Missing sound for event: minecraft:music_disc.cat
[21:31:19] [Render thread/WARN]: Missing sound for event: minecraft:music_disc.chirp
[21:31:19] [Render thread/WARN]: Missing sound for event: minecraft:music_disc.far
[21:31:19] [Render thread/WARN]: Missing sound for event: minecraft:music_disc.mall
[21:31:19] [Render thread/WARN]: Missing sound for event: minecraft:music_disc.mellohi
[21:31:19] [Render thread/WARN]: Missing sound for event: minecraft:music_disc.pigstep
[21:31:19] [Render thread/WARN]: Missing sound for event: minecraft:music_disc.stal
[21:31:19] [Render thread/WARN]: Missing sound for event: minecraft:music_disc.strad
[21:31:19] [Render thread/WARN]: Missing sound for event: minecraft:music_disc.wait
[21:31:19] [Render thread/WARN]: Missing sound for event: minecraft:music_disc.ward
[21:31:19] [Render thread/WARN]: Missing sound for event: minecraft:music_disc.otherside
[21:31:19] [Render thread/WARN]: Missing sound for event: minecraft:music_disc.relic
[21:31:19] [Render thread/WARN]: Missing sound for event: minecraft:music_disc.creator
[21:31:19] [Render thread/WARN]: Missing sound for event: minecraft:music_disc.creator_music_box
[21:31:19] [Render thread/WARN]: Missing sound for event: minecraft:music_disc.precipice
[21:31:19] [Render thread/WARN]: Missing sound for event: minecraft:music.dragon
[21:31:19] [Render thread/WARN]: Missing sound for event: minecraft:music.end
[21:31:19] [Render thread/WARN]: Missing sound for event: minecraft:music.game
[21:31:19] [Render thread/WARN]: Missing sound for event: minecraft:music.menu
[21:31:19] [Render thread/WARN]: Missing sound for event: minecraft:music.nether.basalt_deltas
[21:31:19] [Render thread/WARN]: Missing sound for event: minecraft:music.nether.crimson_forest
[21:31:19] [Render thread/WARN]: Missing sound for event: minecraft:music.overworld.deep_dark
[21:31:19] [Render thread/WARN]: Missing sound for event: minecraft:music.overworld.dripstone_caves
[21:31:19] [Render thread/WARN]: Missing sound for event: minecraft:music.overworld.grove
[21:31:19] [Render thread/WARN]: Missing sound for event: minecraft:music.overworld.jagged_peaks
[21:31:19] [Render thread/WARN]: Missing sound for event: minecraft:music.overworld.lush_caves
[21:31:19] [Render thread/WARN]: Missing sound for event: minecraft:music.overworld.swamp
[21:31:19] [Render thread/WARN]: Missing sound for event: minecraft:music.overworld.forest
[21:31:19] [Render thread/WARN]: Missing sound for event: minecraft:music.overworld.old_growth_taiga
[21:31:19] [Render thread/WARN]: Missing sound for event: minecraft:music.overworld.meadow
[21:31:19] [Render thread/WARN]: Missing sound for event: minecraft:music.overworld.cherry_grove
[21:31:19] [Render thread/WARN]: Missing sound for event: minecraft:music.nether.nether_wastes
[21:31:19] [Render thread/WARN]: Missing sound for event: minecraft:music.overworld.frozen_peaks
[21:31:19] [Render thread/WARN]: Missing sound for event: minecraft:music.overworld.snowy_slopes
[21:31:19] [Render thread/WARN]: Missing sound for event: minecraft:music.nether.soul_sand_valley
[21:31:19] [Render thread/WARN]: Missing sound for event: minecraft:music.overworld.stony_peaks
[21:31:19] [Render thread/WARN]: Missing sound for event: minecraft:music.nether.warped_forest
[21:31:19] [Render thread/WARN]: Missing sound for event: minecraft:music.overworld.flower_forest
[21:31:19] [Render thread/WARN]: Missing sound for event: minecraft:music.overworld.desert
[21:31:19] [Render thread/WARN]: Missing sound for event: minecraft:music.overworld.badlands
[21:31:19] [Render thread/WARN]: Missing sound for event: minecraft:music.overworld.jungle
[21:31:19] [Render thread/WARN]: Missing sound for event: minecraft:music.overworld.sparse_jungle
[21:31:19] [Render thread/WARN]: Missing sound for event: minecraft:music.overworld.bamboo_jungle
[21:31:19] [Render thread/WARN]: Missing sound for event: minecraft:music.under_water
[21:31:19] [Render thread/WARN]: Missing sound for event: minecraft:block.nether_bricks.break
[21:31:19] [Render thread/WARN]: Missing sound for event: minecraft:block.nether_bricks.step
[21:31:19] [Render thread/WARN]: Missing sound for event: minecraft:block.nether_bricks.place
[21:31:19] [Render thread/WARN]: Missing sound for event: minecraft:block.nether_bricks.hit
[21:31:19] [Render thread/WARN]: Missing sound for event: minecraft:block.nether_bricks.fall
[21:31:19] [Render thread/WARN]: Missing sound for event: minecraft:block.nether_wart.break
[21:31:19] [Render thread/WARN]: Missing sound for event: minecraft:item.nether_wart.plant
[21:31:19] [Render thread/WARN]: Missing sound for event: minecraft:block.nether_wood.break
[21:31:19] [Render thread/WARN]: Missing sound for event: minecraft:block.nether_wood.fall
[21:31:19] [Render thread/WARN]: Missing sound for event: minecraft:block.nether_wood.hit
[21:31:19] [Render thread/WARN]: Missing sound for event: minecraft:block.nether_wood.place
[21:31:19] [Render thread/WARN]: Missing sound for event: minecraft:block.nether_wood.step
[21:31:19] [Render thread/WARN]: Missing sound for event: minecraft:block.nether_wood_door.close
[21:31:19] [Render thread/WARN]: Missing sound for event: minecraft:block.nether_wood_door.open
[21:31:19] [Render thread/WARN]: Missing sound for event: minecraft:block.nether_wood_trapdoor.close
[21:31:19] [Render thread/WARN]: Missing sound for event: minecraft:block.nether_wood_trapdoor.open
[21:31:19] [Render thread/WARN]: Missing sound for event: minecraft:block.nether_wood_button.click_off
[21:31:19] [Render thread/WARN]: Missing sound for event: minecraft:block.nether_wood_button.click_on
[21:31:19] [Render thread/WARN]: Missing sound for event: minecraft:block.nether_wood_pressure_plate.click_off
[21:31:19] [Render thread/WARN]: Missing sound for event: minecraft:block.nether_wood_pressure_plate.click_on
[21:31:19] [Render thread/WARN]: Missing sound for event: minecraft:block.nether_wood_fence_gate.close
[21:31:19] [Render thread/WARN]: Missing sound for event: minecraft:block.nether_wood_fence_gate.open
[21:31:19] [Render thread/WARN]: Missing sound for event: minecraft:block.packed_mud.break
[21:31:19] [Render thread/WARN]: Missing sound for event: minecraft:block.packed_mud.fall
[21:31:19] [Render thread/WARN]: Missing sound for event: minecraft:block.packed_mud.hit
[21:31:19] [Render thread/WARN]: Missing sound for event: minecraft:block.packed_mud.place
[21:31:19] [Render thread/WARN]: Missing sound for event: minecraft:block.packed_mud.step
[21:31:19] [Render thread/WARN]: Missing sound for event: minecraft:block.stem.break
[21:31:19] [Render thread/WARN]: Missing sound for event: minecraft:block.stem.step
[21:31:19] [Render thread/WARN]: Missing sound for event: minecraft:block.stem.place
[21:31:19] [Render thread/WARN]: Missing sound for event: minecraft:block.stem.hit
[21:31:19] [Render thread/WARN]: Missing sound for event: minecraft:block.stem.fall
[21:31:19] [Render thread/WARN]: Missing sound for event: minecraft:block.nylium.break
[21:31:19] [Render thread/WARN]: Missing sound for event: minecraft:block.nylium.step
[21:31:19] [Render thread/WARN]: Missing sound for event: minecraft:block.nylium.place
[21:31:19] [Render thread/WARN]: Missing sound for event: minecraft:block.nylium.hit
[21:31:19] [Render thread/WARN]: Missing sound for event: minecraft:block.nylium.fall
[21:31:19] [Render thread/WARN]: Missing sound for event: minecraft:block.nether_sprouts.break
[21:31:19] [Render thread/WARN]: Missing sound for event: minecraft:block.nether_sprouts.step
[21:31:19] [Render thread/WARN]: Missing sound for event: minecraft:block.nether_sprouts.place
[21:31:19] [Render thread/WARN]: Missing sound for event: minecraft:block.nether_sprouts.hit
[21:31:19] [Render thread/WARN]: Missing sound for event: minecraft:block.nether_sprouts.fall
[21:31:19] [Render thread/WARN]: Missing sound for event: minecraft:block.fungus.break
[21:31:19] [Render thread/WARN]: Missing sound for event: minecraft:block.fungus.step
[21:31:19] [Render thread/WARN]: Missing sound for event: minecraft:block.fungus.place
[21:31:19] [Render thread/WARN]: Missing sound for event: minecraft:block.fungus.hit
[21:31:19] [Render thread/WARN]: Missing sound for event: minecraft:block.fungus.fall
[21:31:19] [Render thread/WARN]: Missing sound for event: minecraft:block.weeping_vines.break
[21:31:19] [Render thread/WARN]: Missing sound for event: minecraft:block.weeping_vines.step
[21:31:19] [Render thread/WARN]: Missing sound for event: minecraft:block.weeping_vines.place
[21:31:19] [Render thread/WARN]: Missing sound for event: minecraft:block.weeping_vines.hit
[21:31:19] [Render thread/WARN]: Missing sound for event: minecraft:block.weeping_vines.fall
[21:31:19] [Render thread/WARN]: Missing sound for event: minecraft:block.wart_block.break
[21:31:19] [Render thread/WARN]: Missing sound for event: minecraft:block.wart_block.step
[21:31:19] [Render thread/WARN]: Missing sound for event: minecraft:block.wart_block.place
[21:31:19] [Render thread/WARN]: Missing sound for event: minecraft:block.wart_block.hit
[21:31:19] [Render thread/WARN]: Missing sound for event: minecraft:block.wart_block.fall
[21:31:19] [Render thread/WARN]: Missing sound for event: minecraft:block.netherite_block.break
[21:31:19] [Render thread/WARN]: Missing sound for event: minecraft:block.netherite_block.step
[21:31:19] [Render thread/WARN]: Missing sound for event: minecraft:block.netherite_block.place
[21:31:19] [Render thread/WARN]: Missing sound for event: minecraft:block.netherite_block.hit
[21:31:19] [Render thread/WARN]: Missing sound for event: minecraft:block.netherite_block.fall
[21:31:19] [Render thread/WARN]: Missing sound for event: minecraft:block.netherrack.break
[21:31:19] [Render thread/WARN]: Missing sound for event: minecraft:block.netherrack.step
[21:31:19] [Render thread/WARN]: Missing sound for event: minecraft:block.netherrack.place
[21:31:19] [Render thread/WARN]: Missing sound for event: minecraft:block.netherrack.hit
[21:31:19] [Render thread/WARN]: Missing sound for event: minecraft:block.netherrack.fall
[21:31:19] [Render thread/WARN]: Missing sound for event: minecraft:block.note_block.basedrum
[21:31:19] [Render thread/WARN]: Missing sound for event: minecraft:block.note_block.bass
[21:31:19] [Render thread/WARN]: Missing sound for event: minecraft:block.note_block.bell
[21:31:19] [Render thread/WARN]: Missing sound for event: minecraft:block.note_block.chime
[21:31:19] [Render thread/WARN]: Missing sound for event: minecraft:block.note_block.flute
[21:31:19] [Render thread/WARN]: Missing sound for event: minecraft:block.note_block.guitar
[21:31:19] [Render thread/WARN]: Missing sound for event: minecraft:block.note_block.harp
[21:31:19] [Render thread/WARN]: Missing sound for event: minecraft:block.note_block.hat
[21:31:19] [Render thread/WARN]: Missing sound for event: minecraft:block.note_block.pling
[21:31:19] [Render thread/WARN]: Missing sound for event: minecraft:block.note_block.snare
[21:31:19] [Render thread/WARN]: Missing sound for event: minecraft:block.note_block.xylophone
[21:31:19] [Render thread/WARN]: Missing sound for event: minecraft:block.note_block.iron_xylophone
[21:31:19] [Render thread/WARN]: Missing sound for event: minecraft:block.note_block.cow_bell
[21:31:19] [Render thread/WARN]: Missing sound for event: minecraft:block.note_block.didgeridoo
[21:31:19] [Render thread/WARN]: Missing sound for event: minecraft:block.note_block.bit
[21:31:19] [Render thread/WARN]: Missing sound for event: minecraft:block.note_block.banjo
[21:31:19] [Render thread/WARN]: Missing sound for event: minecraft:block.note_block.imitate.zombie
[21:31:19] [Render thread/WARN]: Missing sound for event: minecraft:block.note_block.imitate.skeleton
[21:31:19] [Render thread/WARN]: Missing sound for event: minecraft:block.note_block.imitate.creeper
[21:31:19] [Render thread/WARN]: Missing sound for event: minecraft:block.note_block.imitate.ender_dragon
[21:31:19] [Render thread/WARN]: Missing sound for event: minecraft:block.note_block.imitate.wither_skeleton
[21:31:19] [Render thread/WARN]: Missing sound for event: minecraft:block.note_block.imitate.piglin
[21:31:19] [Render thread/WARN]: Missing sound for event: minecraft:entity.ocelot.hurt
[21:31:19] [Render thread/WARN]: Missing sound for event: minecraft:entity.ocelot.ambient
[21:31:19] [Render thread/WARN]: Missing sound for event: minecraft:entity.ocelot.death
[21:31:19] [Render thread/WARN]: Missing sound for event: minecraft:item.ominous_bottle.dispose
[21:31:19] [Render thread/WARN]: Missing sound for event: minecraft:entity.painting.break
[21:31:19] [Render thread/WARN]: Missing sound for event: minecraft:entity.painting.place
[21:31:19] [Render thread/WARN]: Missing sound for event: minecraft:block.pale_hanging_moss.idle
[21:31:19] [Render thread/WARN]: Missing sound for event: minecraft:entity.panda.pre_sneeze
[21:31:19] [Render thread/WARN]: Missing sound for event: minecraft:entity.panda.sneeze
[21:31:19] [Render thread/WARN]: Missing sound for event: minecraft:entity.panda.ambient
[21:31:19] [Render thread/WARN]: Missing sound for event: minecraft:entity.panda.death
[21:31:19] [Render thread/WARN]: Missing sound for event: minecraft:entity.panda.eat
[21:31:19] [Render thread/WARN]: Missing sound for event: minecraft:entity.panda.step
[21:31:19] [Render thread/WARN]: Missing sound for event: minecraft:entity.panda.cant_breed
[21:31:19] [Render thread/WARN]: Missing sound for event: minecraft:entity.panda.aggressive_ambient
[21:31:19] [Render thread/WARN]: Missing sound for event: minecraft:entity.panda.worried_ambient
[21:31:19] [Render thread/WARN]: Missing sound for event: minecraft:entity.panda.hurt
[21:31:19] [Render thread/WARN]: Missing sound for event: minecraft:entity.panda.bite
[21:31:19] [Render thread/WARN]: Missing sound for event: minecraft:entity.parrot.ambient
[21:31:19] [Render thread/WARN]: Missing sound for event: minecraft:entity.parrot.death
[21:31:19] [Render thread/WARN]: Missing sound for event: minecraft:entity.parrot.eat
[21:31:19] [Render thread/WARN]: Missing sound for event: minecraft:entity.parrot.fly
[21:31:19] [Render thread/WARN]: Missing sound for event: minecraft:entity.parrot.hurt
[21:31:19] [Render thread/WARN]: Missing sound for event: minecraft:entity.parrot.imitate.blaze
[21:31:19] [Render thread/WARN]: Missing sound for event: minecraft:entity.parrot.imitate.bogged
[21:31:19] [Render thread/WARN]: Missing sound for event: minecraft:entity.parrot.imitate.breeze
[21:31:19] [Render thread/WARN]: Missing sound for event: minecraft:entity.parrot.imitate.creaking
[21:31:19] [Render thread/WARN]: Missing sound for event: minecraft:entity.parrot.imitate.creeper
[21:31:19] [Render thread/WARN]: Missing sound for event: minecraft:entity.parrot.imitate.drowned
[21:31:19] [Render thread/WARN]: Missing sound for event: minecraft:entity.parrot.imitate.elder_guardian
[21:31:19] [Render thread/WARN]: Missing sound for event: minecraft:entity.parrot.imitate.ender_dragon
[21:31:19] [Render thread/WARN]: Missing sound for event: minecraft:entity.parrot.imitate.endermite
[21:31:19] [Render thread/WARN]: Missing sound for event: minecraft:entity.parrot.imitate.evoker
[21:31:19] [Render thread/WARN]: Missing sound for event: minecraft:entity.parrot.imitate.ghast
[21:31:19] [Render thread/WARN]: Missing sound for event: minecraft:entity.parrot.imitate.guardian
[21:31:19] [Render thread/WARN]: Missing sound for event: minecraft:entity.parrot.imitate.hoglin
[21:31:19] [Render thread/WARN]: Missing sound for event: minecraft:entity.parrot.imitate.husk
[21:31:19] [Render thread/WARN]: Missing sound for event: minecraft:entity.parrot.imitate.illusioner
[21:31:19] [Render thread/WARN]: Missing sound for event: minecraft:entity.parrot.imitate.magma_cube
[21:31:19] [Render thread/WARN]: Missing sound for event: minecraft:entity.parrot.imitate.phantom
[21:31:19] [Render thread/WARN]: Missing sound for event: minecraft:entity.parrot.imitate.piglin
[21:31:19] [Render thread/WARN]: Missing sound for event: minecraft:entity.parrot.imitate.piglin_brute
[21:31:19] [Render thread/WARN]: Missing sound for event: minecraft:entity.parrot.imitate.pillager
[21:31:19] [Render thread/WARN]: Missing sound for event: minecraft:entity.parrot.imitate.ravager
[21:31:19] [Render thread/WARN]: Missing sound for event: minecraft:entity.parrot.imitate.shulker
[21:31:19] [Render thread/WARN]: Missing sound for event: minecraft:entity.parrot.imitate.silverfish
[21:31:19] [Render thread/WARN]: Missing sound for event: minecraft:entity.parrot.imitate.skeleton
[21:31:19] [Render thread/WARN]: Missing sound for event: minecraft:entity.parrot.imitate.slime
[21:31:19] [Render thread/WARN]: Missing sound for event: minecraft:entity.parrot.imitate.spider
[21:31:19] [Render thread/WARN]: Missing sound for event: minecraft:entity.parrot.imitate.stray
[21:31:19] [Render thread/WARN]: Missing sound for event: minecraft:entity.parrot.imitate.vex
[21:31:19] [Render thread/WARN]: Missing sound for event: minecraft:entity.parrot.imitate.vindicator
[21:31:19] [Render thread/WARN]: Missing sound for event: minecraft:entity.parrot.imitate.warden
[21:31:19] [Render thread/WARN]: Missing sound for event: minecraft:entity.parrot.imitate.witch
[21:31:19] [Render thread/WARN]: Missing sound for event: minecraft:entity.parrot.imitate.wither
[21:31:19] [Render thread/WARN]: Missing sound for event: minecraft:entity.parrot.imitate.wither_skeleton
[21:31:19] [Render thread/WARN]: Missing sound for event: minecraft:entity.parrot.imitate.zoglin
[21:31:19] [Render thread/WARN]: Missing sound for event: minecraft:entity.parrot.imitate.zombie
[21:31:19] [Render thread/WARN]: Missing sound for event: minecraft:entity.parrot.imitate.zombie_villager
[21:31:19] [Render thread/WARN]: Missing sound for event: minecraft:entity.parrot.step
[21:31:19] [Render thread/WARN]: Missing sound for event: minecraft:entity.phantom.ambient
[21:31:19] [Render thread/WARN]: Missing sound for event: minecraft:entity.phantom.bite
[21:31:19] [Render thread/WARN]: Missing sound for event: minecraft:entity.phantom.death
[21:31:19] [Render thread/WARN]: Missing sound for event: minecraft:entity.phantom.flap
[21:31:19] [Render thread/WARN]: Missing sound for event: minecraft:entity.phantom.hurt
[21:31:19] [Render thread/WARN]: Missing sound for event: minecraft:entity.phantom.swoop
[21:31:19] [Render thread/WARN]: Missing sound for event: minecraft:entity.pig.ambient
[21:31:19] [Render thread/WARN]: Missing sound for event: minecraft:entity.pig.death
[21:31:19] [Render thread/WARN]: Missing sound for event: minecraft:entity.pig.hurt
[21:31:19] [Render thread/WARN]: Missing sound for event: minecraft:entity.pig.saddle
[21:31:19] [Render thread/WARN]: Missing sound for event: minecraft:entity.pig.step
[21:31:19] [Render thread/WARN]: Missing sound for event: minecraft:entity.piglin.admiring_item
[21:31:19] [Render thread/WARN]: Missing sound for event: minecraft:entity.piglin.ambient
[21:31:19] [Render thread/WARN]: Missing sound for event: minecraft:entity.piglin.angry
[21:31:19] [Render thread/WARN]: Missing sound for event: minecraft:entity.piglin.celebrate
[21:31:19] [Render thread/WARN]: Missing sound for event: minecraft:entity.piglin.death
[21:31:19] [Render thread/WARN]: Missing sound for event: minecraft:entity.piglin.jealous
[21:31:19] [Render thread/WARN]: Missing sound for event: minecraft:entity.piglin.hurt
[21:31:19] [Render thread/WARN]: Missing sound for event: minecraft:entity.piglin.retreat
[21:31:19] [Render thread/WARN]: Missing sound for event: minecraft:entity.piglin.step
[21:31:19] [Render thread/WARN]: Missing sound for event: minecraft:entity.piglin.converted_to_zombified
[21:31:19] [Render thread/WARN]: Missing sound for event: minecraft:entity.piglin_brute.ambient
[21:31:19] [Render thread/WARN]: Missing sound for event: minecraft:entity.piglin_brute.angry
[21:31:19] [Render thread/WARN]: Missing sound for event: minecraft:entity.piglin_brute.death
[21:31:19] [Render thread/WARN]: Missing sound for event: minecraft:entity.piglin_brute.hurt
[21:31:19] [Render thread/WARN]: Missing sound for event: minecraft:entity.piglin_brute.step
[21:31:19] [Render thread/WARN]: Missing sound for event: minecraft:entity.piglin_brute.converted_to_zombified
[21:31:19] [Render thread/WARN]: Missing sound for event: minecraft:entity.pillager.ambient
[21:31:19] [Render thread/WARN]: Missing sound for event: minecraft:entity.pillager.celebrate
[21:31:19] [Render thread/WARN]: Missing sound for event: minecraft:entity.pillager.death
[21:31:19] [Render thread/WARN]: Missing sound for event: minecraft:entity.pillager.hurt
[21:31:19] [Render thread/WARN]: Missing sound for event: minecraft:block.piston.contract
[21:31:19] [Render thread/WARN]: Missing sound for event: minecraft:block.piston.extend
[21:31:19] [Render thread/WARN]: Missing sound for event: minecraft:entity.player.attack.crit
[21:31:19] [Render thread/WARN]: Missing sound for event: minecraft:entity.player.attack.knockback
[21:31:19] [Render thread/WARN]: Missing sound for event: minecraft:entity.player.attack.nodamage
[21:31:19] [Render thread/WARN]: Missing sound for event: minecraft:entity.player.attack.strong
[21:31:19] [Render thread/WARN]: Missing sound for event: minecraft:entity.player.attack.sweep
[21:31:19] [Render thread/WARN]: Missing sound for event: minecraft:entity.player.attack.weak
[21:31:19] [Render thread/WARN]: Missing sound for event: minecraft:entity.player.big_fall
[21:31:19] [Render thread/WARN]: Missing sound for event: minecraft:entity.player.breath
[21:31:19] [Render thread/WARN]: Missing sound for event: minecraft:entity.player.burp
[21:31:19] [Render thread/WARN]: Missing sound for event: minecraft:entity.player.death
[21:31:19] [Render thread/WARN]: Missing sound for event: minecraft:entity.player.hurt
[21:31:19] [Render thread/WARN]: Missing sound for event: minecraft:entity.player.hurt_drown
[21:31:19] [Render thread/WARN]: Missing sound for event: minecraft:entity.player.hurt_freeze
[21:31:19] [Render thread/WARN]: Missing sound for event: minecraft:entity.player.hurt_on_fire
[21:31:19] [Render thread/WARN]: Missing sound for event: minecraft:entity.player.hurt_sweet_berry_bush
[21:31:19] [Render thread/WARN]: Missing sound for event: minecraft:entity.player.levelup
[21:31:19] [Render thread/WARN]: Missing sound for event: minecraft:entity.player.small_fall
[21:31:19] [Render thread/WARN]: Missing sound for event: minecraft:entity.player.splash
[21:31:19] [Render thread/WARN]: Missing sound for event: minecraft:entity.player.splash.high_speed
[21:31:19] [Render thread/WARN]: Missing sound for event: minecraft:entity.player.swim
[21:31:19] [Render thread/WARN]: Missing sound for event: minecraft:entity.player.teleport
[21:31:19] [Render thread/WARN]: Missing sound for event: minecraft:entity.polar_bear.ambient
[21:31:19] [Render thread/WARN]: Missing sound for event: minecraft:entity.polar_bear.ambient_baby
[21:31:19] [Render thread/WARN]: Missing sound for event: minecraft:entity.polar_bear.death
[21:31:19] [Render thread/WARN]: Missing sound for event: minecraft:entity.polar_bear.hurt
[21:31:19] [Render thread/WARN]: Missing sound for event: minecraft:entity.polar_bear.step
[21:31:19] [Render thread/WARN]: Missing sound for event: minecraft:entity.polar_bear.warning
[21:31:19] [Render thread/WARN]: Missing sound for event: minecraft:block.polished_deepslate.break
[21:31:19] [Render thread/WARN]: Missing sound for event: minecraft:block.polished_deepslate.fall
[21:31:19] [Render thread/WARN]: Missing sound for event: minecraft:block.polished_deepslate.hit
[21:31:19] [Render thread/WARN]: Missing sound for event: minecraft:block.polished_deepslate.place
[21:31:19] [Render thread/WARN]: Missing sound for event: minecraft:block.polished_deepslate.step
[21:31:19] [Render thread/WARN]: Missing sound for event: minecraft:block.portal.ambient
[21:31:19] [Render thread/WARN]: Missing sound for event: minecraft:block.portal.travel
[21:31:19] [Render thread/WARN]: Missing sound for event: minecraft:block.portal.trigger
[21:31:19] [Render thread/WARN]: Missing sound for event: minecraft:block.powder_snow.break
[21:31:19] [Render thread/WARN]: Missing sound for event: minecraft:block.powder_snow.fall
[21:31:19] [Render thread/WARN]: Missing sound for event: minecraft:block.powder_snow.hit
[21:31:19] [Render thread/WARN]: Missing sound for event: minecraft:block.powder_snow.place
[21:31:19] [Render thread/WARN]: Missing sound for event: minecraft:block.powder_snow.step
[21:31:19] [Render thread/WARN]: Missing sound for event: minecraft:entity.puffer_fish.ambient
[21:31:19] [Render thread/WARN]: Missing sound for event: minecraft:entity.puffer_fish.blow_out
[21:31:19] [Render thread/WARN]: Missing sound for event: minecraft:entity.puffer_fish.blow_up
[21:31:19] [Render thread/WARN]: Missing sound for event: minecraft:entity.puffer_fish.death
[21:31:19] [Render thread/WARN]: Missing sound for event: minecraft:entity.puffer_fish.flop
[21:31:19] [Render thread/WARN]: Missing sound for event: minecraft:entity.puffer_fish.hurt
[21:31:19] [Render thread/WARN]: Missing sound for event: minecraft:entity.puffer_fish.sting
[21:31:19] [Render thread/WARN]: Missing sound for event: minecraft:block.pumpkin.carve
[21:31:19] [Render thread/WARN]: Missing sound for event: minecraft:entity.rabbit.ambient
[21:31:19] [Render thread/WARN]: Missing sound for event: minecraft:entity.rabbit.attack
[21:31:19] [Render thread/WARN]: Missing sound for event: minecraft:entity.rabbit.death
[21:31:19] [Render thread/WARN]: Missing sound for event: minecraft:entity.rabbit.hurt
[21:31:19] [Render thread/WARN]: Missing sound for event: minecraft:entity.rabbit.jump
[21:31:19] [Render thread/WARN]: Missing sound for event: minecraft:event.raid.horn
[21:31:19] [Render thread/WARN]: Missing sound for event: minecraft:entity.ravager.ambient
[21:31:19] [Render thread/WARN]: Missing sound for event: minecraft:entity.ravager.attack
[21:31:19] [Render thread/WARN]: Missing sound for event: minecraft:entity.ravager.celebrate
[21:31:19] [Render thread/WARN]: Missing sound for event: minecraft:entity.ravager.death
[21:31:19] [Render thread/WARN]: Missing sound for event: minecraft:entity.ravager.hurt
[21:31:19] [Render thread/WARN]: Missing sound for event: minecraft:entity.ravager.step
[21:31:19] [Render thread/WARN]: Missing sound for event: minecraft:entity.ravager.stunned
[21:31:19] [Render thread/WARN]: Missing sound for event: minecraft:entity.ravager.roar
[21:31:19] [Render thread/WARN]: Missing sound for event: minecraft:block.nether_gold_ore.break
[21:31:19] [Render thread/WARN]: Missing sound for event: minecraft:block.nether_gold_ore.fall
[21:31:19] [Render thread/WARN]: Missing sound for event: minecraft:block.nether_gold_ore.hit
[21:31:19] [Render thread/WARN]: Missing sound for event: minecraft:block.nether_gold_ore.place
[21:31:19] [Render thread/WARN]: Missing sound for event: minecraft:block.nether_gold_ore.step
[21:31:19] [Render thread/WARN]: Missing sound for event: minecraft:block.nether_ore.break
[21:31:19] [Render thread/WARN]: Missing sound for event: minecraft:block.nether_ore.fall
[21:31:19] [Render thread/WARN]: Missing sound for event: minecraft:block.nether_ore.hit
[21:31:19] [Render thread/WARN]: Missing sound for event: minecraft:block.nether_ore.place
[21:31:19] [Render thread/WARN]: Missing sound for event: minecraft:block.nether_ore.step
[21:31:19] [Render thread/WARN]: Missing sound for event: minecraft:block.redstone_torch.burnout
[21:31:19] [Render thread/WARN]: Missing sound for event: minecraft:block.respawn_anchor.ambient
[21:31:19] [Render thread/WARN]: Missing sound for event: minecraft:block.respawn_anchor.charge
[21:31:19] [Render thread/WARN]: Missing sound for event: minecraft:block.respawn_anchor.deplete
[21:31:19] [Render thread/WARN]: Missing sound for event: minecraft:block.respawn_anchor.set_spawn
[21:31:19] [Render thread/WARN]: Missing sound for event: minecraft:block.rooted_dirt.break
[21:31:19] [Render thread/WARN]: Missing sound for event: minecraft:block.rooted_dirt.fall
[21:31:19] [Render thread/WARN]: Missing sound for event: minecraft:block.rooted_dirt.hit
[21:31:19] [Render thread/WARN]: Missing sound for event: minecraft:block.rooted_dirt.place
[21:31:19] [Render thread/WARN]: Missing sound for event: minecraft:block.rooted_dirt.step
[21:31:19] [Render thread/WARN]: Missing sound for event: minecraft:entity.salmon.ambient
[21:31:19] [Render thread/WARN]: Missing sound for event: minecraft:entity.salmon.death
[21:31:19] [Render thread/WARN]: Missing sound for event: minecraft:entity.salmon.flop
[21:31:19] [Render thread/WARN]: Missing sound for event: minecraft:entity.salmon.hurt
[21:31:19] [Render thread/WARN]: Missing sound for event: minecraft:block.sand.break
[21:31:19] [Render thread/WARN]: Missing sound for event: minecraft:block.sand.fall
[21:31:19] [Render thread/WARN]: Missing sound for event: minecraft:block.sand.hit
[21:31:19] [Render thread/WARN]: Missing sound for event: minecraft:block.sand.place
[21:31:19] [Render thread/WARN]: Missing sound for event: minecraft:block.sand.step
[21:31:19] [Render thread/WARN]: Missing sound for event: minecraft:block.scaffolding.break
[21:31:19] [Render thread/WARN]: Missing sound for event: minecraft:block.scaffolding.fall
[21:31:19] [Render thread/WARN]: Missing sound for event: minecraft:block.scaffolding.hit
[21:31:19] [Render thread/WARN]: Missing sound for event: minecraft:block.scaffolding.place
[21:31:19] [Render thread/WARN]: Missing sound for event: minecraft:block.scaffolding.step
[21:31:19] [Render thread/WARN]: Missing sound for event: minecraft:block.sculk.spread
[21:31:19] [Render thread/WARN]: Missing sound for event: minecraft:block.sculk.charge
[21:31:19] [Render thread/WARN]: Missing sound for event: minecraft:block.sculk.break
[21:31:19] [Render thread/WARN]: Missing sound for event: minecraft:block.sculk.fall
[21:31:19] [Render thread/WARN]: Missing sound for event: minecraft:block.sculk.hit
[21:31:19] [Render thread/WARN]: Missing sound for event: minecraft:block.sculk.place
[21:31:19] [Render thread/WARN]: Missing sound for event: minecraft:block.sculk.step
[21:31:19] [Render thread/WARN]: Missing sound for event: minecraft:block.sculk_catalyst.bloom
[21:31:19] [Render thread/WARN]: Missing sound for event: minecraft:block.sculk_catalyst.break
[21:31:19] [Render thread/WARN]: Missing sound for event: minecraft:block.sculk_catalyst.fall
[21:31:19] [Render thread/WARN]: Missing sound for event: minecraft:block.sculk_catalyst.hit
[21:31:19] [Render thread/WARN]: Missing sound for event: minecraft:block.sculk_catalyst.place
[21:31:19] [Render thread/WARN]: Missing sound for event: minecraft:block.sculk_catalyst.step
[21:31:19] [Render thread/WARN]: Missing sound for event: minecraft:block.sculk_sensor.clicking
[21:31:19] [Render thread/WARN]: Missing sound for event: minecraft:block.sculk_sensor.clicking_stop
[21:31:19] [Render thread/WARN]: Missing sound for event: minecraft:block.sculk_sensor.break
[21:31:19] [Render thread/WARN]: Missing sound for event: minecraft:block.sculk_sensor.fall
[21:31:19] [Render thread/WARN]: Missing sound for event: minecraft:block.sculk_sensor.hit
[21:31:19] [Render thread/WARN]: Missing sound for event: minecraft:block.sculk_sensor.place
[21:31:19] [Render thread/WARN]: Missing sound for event: minecraft:block.sculk_sensor.step
[21:31:19] [Render thread/WARN]: Missing sound for event: minecraft:block.sculk_shrieker.break
[21:31:19] [Render thread/WARN]: Missing sound for event: minecraft:block.sculk_shrieker.fall
[21:31:19] [Render thread/WARN]: Missing sound for event: minecraft:block.sculk_shrieker.hit
[21:31:19] [Render thread/WARN]: Missing sound for event: minecraft:block.sculk_shrieker.place
[21:31:19] [Render thread/WARN]: Missing sound for event: minecraft:block.sculk_shrieker.shriek
[21:31:19] [Render thread/WARN]: Missing sound for event: minecraft:block.sculk_shrieker.step
[21:31:19] [Render thread/WARN]: Missing sound for event: minecraft:block.sculk_vein.break
[21:31:19] [Render thread/WARN]: Missing sound for event: minecraft:block.sculk_vein.fall
[21:31:19] [Render thread/WARN]: Missing sound for event: minecraft:block.sculk_vein.hit
[21:31:19] [Render thread/WARN]: Missing sound for event: minecraft:block.sculk_vein.place
[21:31:19] [Render thread/WARN]: Missing sound for event: minecraft:block.sculk_vein.step
[21:31:19] [Render thread/WARN]: Missing sound for event: minecraft:entity.sheep.ambient
[21:31:19] [Render thread/WARN]: Missing sound for event: minecraft:entity.sheep.death
[21:31:19] [Render thread/WARN]: Missing sound for event: minecraft:entity.sheep.hurt
[21:31:19] [Render thread/WARN]: Missing sound for event: minecraft:entity.sheep.shear
[21:31:19] [Render thread/WARN]: Missing sound for event: minecraft:entity.sheep.step
[21:31:19] [Render thread/WARN]: Missing sound for event: minecraft:item.shield.block
[21:31:19] [Render thread/WARN]: Missing sound for event: minecraft:item.shield.break
[21:31:19] [Render thread/WARN]: Missing sound for event: minecraft:block.shroomlight.break
[21:31:19] [Render thread/WARN]: Missing sound for event: minecraft:block.shroomlight.step
[21:31:19] [Render thread/WARN]: Missing sound for event: minecraft:block.shroomlight.place
[21:31:19] [Render thread/WARN]: Missing sound for event: minecraft:block.shroomlight.hit
[21:31:19] [Render thread/WARN]: Missing sound for event: minecraft:block.shroomlight.fall
[21:31:19] [Render thread/WARN]: Missing sound for event: minecraft:item.shovel.flatten
[21:31:19] [Render thread/WARN]: Missing sound for event: minecraft:entity.shulker.ambient
[21:31:19] [Render thread/WARN]: Missing sound for event: minecraft:block.shulker_box.close
[21:31:19] [Render thread/WARN]: Missing sound for event: minecraft:block.shulker_box.open
[21:31:19] [Render thread/WARN]: Missing sound for event: minecraft:entity.shulker_bullet.hit
[21:31:19] [Render thread/WARN]: Missing sound for event: minecraft:entity.shulker_bullet.hurt
[21:31:19] [Render thread/WARN]: Missing sound for event: minecraft:entity.shulker.close
[21:31:19] [Render thread/WARN]: Missing sound for event: minecraft:entity.shulker.death
[21:31:19] [Render thread/WARN]: Missing sound for event: minecraft:entity.shulker.hurt
[21:31:19] [Render thread/WARN]: Missing sound for event: minecraft:entity.shulker.hurt_closed
[21:31:19] [Render thread/WARN]: Missing sound for event: minecraft:entity.shulker.open
[21:31:19] [Render thread/WARN]: Missing sound for event: minecraft:entity.shulker.shoot
[21:31:19] [Render thread/WARN]: Missing sound for event: minecraft:entity.shulker.teleport
[21:31:19] [Render thread/WARN]: Missing sound for event: minecraft:entity.silverfish.ambient
[21:31:19] [Render thread/WARN]: Missing sound for event: minecraft:entity.silverfish.death
[21:31:19] [Render thread/WARN]: Missing sound for event: minecraft:entity.silverfish.hurt
[21:31:19] [Render thread/WARN]: Missing sound for event: minecraft:entity.silverfish.step
[21:31:19] [Render thread/WARN]: Missing sound for event: minecraft:entity.skeleton.ambient
[21:31:19] [Render thread/WARN]: Missing sound for event: minecraft:entity.skeleton.converted_to_stray
[21:31:19] [Render thread/WARN]: Missing sound for event: minecraft:entity.skeleton.death
[21:31:19] [Render thread/WARN]: Missing sound for event: minecraft:entity.skeleton_horse.ambient
[21:31:19] [Render thread/WARN]: Missing sound for event: minecraft:entity.skeleton_horse.death
[21:31:19] [Render thread/WARN]: Missing sound for event: minecraft:entity.skeleton_horse.hurt
[21:31:19] [Render thread/WARN]: Missing sound for event: minecraft:entity.skeleton_horse.swim
[21:31:19] [Render thread/WARN]: Missing sound for event: minecraft:entity.skeleton_horse.ambient_water
[21:31:19] [Render thread/WARN]: Missing sound for event: minecraft:entity.skeleton_horse.gallop_water
[21:31:19] [Render thread/WARN]: Missing sound for event: minecraft:entity.skeleton_horse.jump_water
[21:31:19] [Render thread/WARN]: Missing sound for event: minecraft:entity.skeleton_horse.step_water
[21:31:19] [Render thread/WARN]: Missing sound for event: minecraft:entity.skeleton.hurt
[21:31:19] [Render thread/WARN]: Missing sound for event: minecraft:entity.skeleton.shoot
[21:31:19] [Render thread/WARN]: Missing sound for event: minecraft:entity.skeleton.step
[21:31:19] [Render thread/WARN]: Missing sound for event: minecraft:entity.slime.attack
[21:31:19] [Render thread/WARN]: Missing sound for event: minecraft:entity.slime.death
[21:31:19] [Render thread/WARN]: Missing sound for event: minecraft:entity.slime.hurt
[21:31:19] [Render thread/WARN]: Missing sound for event: minecraft:entity.slime.jump
[21:31:19] [Render thread/WARN]: Missing sound for event: minecraft:entity.slime.squish
[21:31:19] [Render thread/WARN]: Missing sound for event: minecraft:block.slime_block.break
[21:31:19] [Render thread/WARN]: Missing sound for event: minecraft:block.slime_block.fall
[21:31:19] [Render thread/WARN]: Missing sound for event: minecraft:block.slime_block.hit
[21:31:19] [Render thread/WARN]: Missing sound for event: minecraft:block.slime_block.place
[21:31:19] [Render thread/WARN]: Missing sound for event: minecraft:block.slime_block.step
[21:31:19] [Render thread/WARN]: Missing sound for event: minecraft:block.small_amethyst_bud.break
[21:31:19] [Render thread/WARN]: Missing sound for event: minecraft:block.small_amethyst_bud.place
[21:31:19] [Render thread/WARN]: Missing sound for event: minecraft:block.small_dripleaf.break
[21:31:19] [Render thread/WARN]: Missing sound for event: minecraft:block.small_dripleaf.fall
[21:31:19] [Render thread/WARN]: Missing sound for event: minecraft:block.small_dripleaf.hit
[21:31:19] [Render thread/WARN]: Missing sound for event: minecraft:block.small_dripleaf.place
[21:31:19] [Render thread/WARN]: Missing sound for event: minecraft:block.small_dripleaf.step
[21:31:19] [Render thread/WARN]: Missing sound for event: minecraft:block.soul_sand.break
[21:31:19] [Render thread/WARN]: Missing sound for event: minecraft:block.soul_sand.step
[21:31:19] [Render thread/WARN]: Missing sound for event: minecraft:block.soul_sand.place
[21:31:19] [Render thread/WARN]: Missing sound for event: minecraft:block.soul_sand.hit
[21:31:19] [Render thread/WARN]: Missing sound for event: minecraft:block.soul_sand.fall
[21:31:19] [Render thread/WARN]: Missing sound for event: minecraft:block.soul_soil.break
[21:31:19] [Render thread/WARN]: Missing sound for event: minecraft:block.soul_soil.step
[21:31:19] [Render thread/WARN]: Missing sound for event: minecraft:block.soul_soil.place
[21:31:19] [Render thread/WARN]: Missing sound for event: minecraft:block.soul_soil.hit
[21:31:19] [Render thread/WARN]: Missing sound for event: minecraft:block.soul_soil.fall
[21:31:19] [Render thread/WARN]: Missing sound for event: minecraft:particle.soul_escape
[21:31:19] [Render thread/WARN]: Missing sound for event: minecraft:block.spawner.break
[21:31:19] [Render thread/WARN]: Missing sound for event: minecraft:block.spawner.fall
[21:31:19] [Render thread/WARN]: Missing sound for event: minecraft:block.spawner.hit
[21:31:19] [Render thread/WARN]: Missing sound for event: minecraft:block.spawner.place
[21:31:19] [Render thread/WARN]: Missing sound for event: minecraft:block.spawner.step
[21:31:19] [Render thread/WARN]: Missing sound for event: minecraft:block.resin.break
[21:31:19] [Render thread/WARN]: Missing sound for event: minecraft:block.resin.fall
[21:31:19] [Render thread/WARN]: Missing sound for event: minecraft:block.resin.place
[21:31:19] [Render thread/WARN]: Missing sound for event: minecraft:block.resin.step
[21:31:19] [Render thread/WARN]: Missing sound for event: minecraft:block.resin_bricks.break
[21:31:19] [Render thread/WARN]: Missing sound for event: minecraft:block.resin_bricks.fall
[21:31:19] [Render thread/WARN]: Missing sound for event: minecraft:block.resin_bricks.hit
[21:31:19] [Render thread/WARN]: Missing sound for event: minecraft:block.resin_bricks.place
[21:31:19] [Render thread/WARN]: Missing sound for event: minecraft:block.resin_bricks.step
[21:31:19] [Render thread/WARN]: Missing sound for event: minecraft:block.spore_blossom.break
[21:31:19] [Render thread/WARN]: Missing sound for event: minecraft:block.spore_blossom.fall
[21:31:19] [Render thread/WARN]: Missing sound for event: minecraft:block.spore_blossom.hit
[21:31:19] [Render thread/WARN]: Missing sound for event: minecraft:block.spore_blossom.place
[21:31:19] [Render thread/WARN]: Missing sound for event: minecraft:block.spore_blossom.step
[21:31:19] [Render thread/WARN]: Missing sound for event: minecraft:entity.strider.ambient
[21:31:19] [Render thread/WARN]: Missing sound for event: minecraft:entity.strider.happy
[21:31:19] [Render thread/WARN]: Missing sound for event: minecraft:entity.strider.retreat
[21:31:19] [Render thread/WARN]: Missing sound for event: minecraft:entity.strider.death
[21:31:19] [Render thread/WARN]: Missing sound for event: minecraft:entity.strider.hurt
[21:31:19] [Render thread/WARN]: Missing sound for event: minecraft:entity.strider.step
[21:31:19] [Render thread/WARN]: Missing sound for event: minecraft:entity.strider.step_lava
[21:31:19] [Render thread/WARN]: Missing sound for event: minecraft:entity.strider.eat
[21:31:19] [Render thread/WARN]: Missing sound for event: minecraft:entity.strider.saddle
[21:31:19] [Render thread/WARN]: Missing sound for event: minecraft:entity.slime.death_small
[21:31:19] [Render thread/WARN]: Missing sound for event: minecraft:entity.slime.hurt_small
[21:31:19] [Render thread/WARN]: Missing sound for event: minecraft:entity.slime.jump_small
[21:31:19] [Render thread/WARN]: Missing sound for event: minecraft:entity.slime.squish_small
[21:31:19] [Render thread/WARN]: Missing sound for event: minecraft:block.smithing_table.use
[21:31:19] [Render thread/WARN]: Missing sound for event: minecraft:block.smoker.smoke
[21:31:19] [Render thread/WARN]: Missing sound for event: minecraft:entity.sniffer.step
[21:31:19] [Render thread/WARN]: Missing sound for event: minecraft:entity.sniffer.eat
[21:31:19] [Render thread/WARN]: Missing sound for event: minecraft:entity.sniffer.idle
[21:31:19] [Render thread/WARN]: Missing sound for event: minecraft:entity.sniffer.hurt
[21:31:19] [Render thread/WARN]: Missing sound for event: minecraft:entity.sniffer.death
[21:31:19] [Render thread/WARN]: Missing sound for event: minecraft:entity.sniffer.drop_seed
[21:31:19] [Render thread/WARN]: Missing sound for event: minecraft:entity.sniffer.scenting
[21:31:19] [Render thread/WARN]: Missing sound for event: minecraft:entity.sniffer.sniffing
[21:31:19] [Render thread/WARN]: Missing sound for event: minecraft:entity.sniffer.searching
[21:31:19] [Render thread/WARN]: Missing sound for event: minecraft:entity.sniffer.digging
[21:31:19] [Render thread/WARN]: Missing sound for event: minecraft:entity.sniffer.digging_stop
[21:31:19] [Render thread/WARN]: Missing sound for event: minecraft:entity.sniffer.happy
[21:31:19] [Render thread/WARN]: Missing sound for event: minecraft:block.sniffer_egg.plop
[21:31:19] [Render thread/WARN]: Missing sound for event: minecraft:block.sniffer_egg.crack
[21:31:19] [Render thread/WARN]: Missing sound for event: minecraft:block.sniffer_egg.hatch
[21:31:19] [Render thread/WARN]: Missing sound for event: minecraft:entity.snowball.throw
[21:31:19] [Render thread/WARN]: Missing sound for event: minecraft:block.snow.break
[21:31:19] [Render thread/WARN]: Missing sound for event: minecraft:block.snow.fall
[21:31:19] [Render thread/WARN]: Missing sound for event: minecraft:entity.snow_golem.ambient
[21:31:19] [Render thread/WARN]: Missing sound for event: minecraft:entity.snow_golem.death
[21:31:19] [Render thread/WARN]: Missing sound for event: minecraft:entity.snow_golem.hurt
[21:31:19] [Render thread/WARN]: Missing sound for event: minecraft:entity.snow_golem.shoot
[21:31:19] [Render thread/WARN]: Missing sound for event: minecraft:entity.snow_golem.shear
[21:31:19] [Render thread/WARN]: Missing sound for event: minecraft:block.snow.hit
[21:31:19] [Render thread/WARN]: Missing sound for event: minecraft:block.snow.place
[21:31:19] [Render thread/WARN]: Missing sound for event: minecraft:block.snow.step
[21:31:19] [Render thread/WARN]: Missing sound for event: minecraft:entity.spider.ambient
[21:31:19] [Render thread/WARN]: Missing sound for event: minecraft:entity.spider.death
[21:31:19] [Render thread/WARN]: Missing sound for event: minecraft:entity.spider.hurt
[21:31:19] [Render thread/WARN]: Missing sound for event: minecraft:entity.spider.step
[21:31:19] [Render thread/WARN]: Missing sound for event: minecraft:entity.splash_potion.break
[21:31:19] [Render thread/WARN]: Missing sound for event: minecraft:entity.splash_potion.throw
[21:31:19] [Render thread/WARN]: Missing sound for event: minecraft:block.sponge.break
[21:31:19] [Render thread/WARN]: Missing sound for event: minecraft:block.sponge.fall
[21:31:19] [Render thread/WARN]: Missing sound for event: minecraft:block.sponge.hit
[21:31:19] [Render thread/WARN]: Missing sound for event: minecraft:block.sponge.place
[21:31:19] [Render thread/WARN]: Missing sound for event: minecraft:block.sponge.step
[21:31:19] [Render thread/WARN]: Missing sound for event: minecraft:block.sponge.absorb
[21:31:19] [Render thread/WARN]: Missing sound for event: minecraft:item.spyglass.use
[21:31:19] [Render thread/WARN]: Missing sound for event: minecraft:item.spyglass.stop_using
[21:31:19] [Render thread/WARN]: Missing sound for event: minecraft:entity.squid.ambient
[21:31:19] [Render thread/WARN]: Missing sound for event: minecraft:entity.squid.death
[21:31:19] [Render thread/WARN]: Missing sound for event: minecraft:entity.squid.hurt
[21:31:19] [Render thread/WARN]: Missing sound for event: minecraft:entity.squid.squirt
[21:31:19] [Render thread/WARN]: Missing sound for event: minecraft:block.stone.break
[21:31:19] [Render thread/WARN]: Missing sound for event: minecraft:block.stone_button.click_off
[21:31:19] [Render thread/WARN]: Missing sound for event: minecraft:block.stone_button.click_on
[21:31:19] [Render thread/WARN]: Missing sound for event: minecraft:block.stone.fall
[21:31:19] [Render thread/WARN]: Missing sound for event: minecraft:block.stone.hit
[21:31:19] [Render thread/WARN]: Missing sound for event: minecraft:block.stone.place
[21:31:19] [Render thread/WARN]: Missing sound for event: minecraft:block.stone_pressure_plate.click_off
[21:31:19] [Render thread/WARN]: Missing sound for event: minecraft:block.stone_pressure_plate.click_on
[21:31:19] [Render thread/WARN]: Missing sound for event: minecraft:block.stone.step
[21:31:19] [Render thread/WARN]: Missing sound for event: minecraft:entity.stray.ambient
[21:31:19] [Render thread/WARN]: Missing sound for event: minecraft:entity.stray.death
[21:31:19] [Render thread/WARN]: Missing sound for event: minecraft:entity.stray.hurt
[21:31:19] [Render thread/WARN]: Missing sound for event: minecraft:entity.stray.step
[21:31:19] [Render thread/WARN]: Missing sound for event: minecraft:block.sweet_berry_bush.break
[21:31:19] [Render thread/WARN]: Missing sound for event: minecraft:block.sweet_berry_bush.place
[21:31:19] [Render thread/WARN]: Missing sound for event: minecraft:block.sweet_berry_bush.pick_berries
[21:31:19] [Render thread/WARN]: Missing sound for event: minecraft:entity.tadpole.death
[21:31:19] [Render thread/WARN]: Missing sound for event: minecraft:entity.tadpole.flop
[21:31:19] [Render thread/WARN]: Missing sound for event: minecraft:entity.tadpole.grow_up
[21:31:19] [Render thread/WARN]: Missing sound for event: minecraft:entity.tadpole.hurt
[21:31:19] [Render thread/WARN]: Missing sound for event: minecraft:enchant.thorns.hit
[21:31:19] [Render thread/WARN]: Missing sound for event: minecraft:entity.tnt.primed
[21:31:19] [Render thread/WARN]: Missing sound for event: minecraft:item.totem.use
[21:31:19] [Render thread/WARN]: Missing sound for event: minecraft:item.trident.hit
[21:31:19] [Render thread/WARN]: Missing sound for event: minecraft:item.trident.hit_ground
[21:31:19] [Render thread/WARN]: Missing sound for event: minecraft:item.trident.return
[21:31:19] [Render thread/WARN]: Missing sound for event: minecraft:item.trident.riptide_1
[21:31:19] [Render thread/WARN]: Missing sound for event: minecraft:item.trident.riptide_2
[21:31:19] [Render thread/WARN]: Missing sound for event: minecraft:item.trident.riptide_3
[21:31:19] [Render thread/WARN]: Missing sound for event: minecraft:item.trident.throw
[21:31:19] [Render thread/WARN]: Missing sound for event: minecraft:item.trident.thunder
[21:31:19] [Render thread/WARN]: Missing sound for event: minecraft:block.tripwire.attach
[21:31:19] [Render thread/WARN]: Missing sound for event: minecraft:block.tripwire.click_off
[21:31:19] [Render thread/WARN]: Missing sound for event: minecraft:block.tripwire.click_on
[21:31:19] [Render thread/WARN]: Missing sound for event: minecraft:block.tripwire.detach
[21:31:19] [Render thread/WARN]: Missing sound for event: minecraft:entity.tropical_fish.ambient
[21:31:19] [Render thread/WARN]: Missing sound for event: minecraft:entity.tropical_fish.death
[21:31:19] [Render thread/WARN]: Missing sound for event: minecraft:entity.tropical_fish.flop
[21:31:19] [Render thread/WARN]: Missing sound for event: minecraft:entity.tropical_fish.hurt
[21:31:19] [Render thread/WARN]: Missing sound for event: minecraft:block.tuff.break
[21:31:19] [Render thread/WARN]: Missing sound for event: minecraft:block.tuff.step
[21:31:19] [Render thread/WARN]: Missing sound for event: minecraft:block.tuff.place
[21:31:19] [Render thread/WARN]: Missing sound for event: minecraft:block.tuff.hit
[21:31:19] [Render thread/WARN]: Missing sound for event: minecraft:block.tuff.fall
[21:31:19] [Render thread/WARN]: Missing sound for event: minecraft:block.tuff_bricks.break
[21:31:19] [Render thread/WARN]: Missing sound for event: minecraft:block.tuff_bricks.fall
[21:31:19] [Render thread/WARN]: Missing sound for event: minecraft:block.tuff_bricks.hit
[21:31:19] [Render thread/WARN]: Missing sound for event: minecraft:block.tuff_bricks.place
[21:31:19] [Render thread/WARN]: Missing sound for event: minecraft:block.tuff_bricks.step
[21:31:19] [Render thread/WARN]: Missing sound for event: minecraft:block.polished_tuff.break
[21:31:19] [Render thread/WARN]: Missing sound for event: minecraft:block.polished_tuff.fall
[21:31:19] [Render thread/WARN]: Missing sound for event: minecraft:block.polished_tuff.hit
[21:31:19] [Render thread/WARN]: Missing sound for event: minecraft:block.polished_tuff.place
[21:31:19] [Render thread/WARN]: Missing sound for event: minecraft:block.polished_tuff.step
[21:31:19] [Render thread/WARN]: Missing sound for event: minecraft:entity.turtle.ambient_land
[21:31:19] [Render thread/WARN]: Missing sound for event: minecraft:entity.turtle.death
[21:31:19] [Render thread/WARN]: Missing sound for event: minecraft:entity.turtle.death_baby
[21:31:19] [Render thread/WARN]: Missing sound for event: minecraft:entity.turtle.egg_break
[21:31:19] [Render thread/WARN]: Missing sound for event: minecraft:entity.turtle.egg_crack
[21:31:19] [Render thread/WARN]: Missing sound for event: minecraft:entity.turtle.egg_hatch
[21:31:19] [Render thread/WARN]: Missing sound for event: minecraft:entity.turtle.hurt
[21:31:19] [Render thread/WARN]: Missing sound for event: minecraft:entity.turtle.hurt_baby
[21:31:19] [Render thread/WARN]: Missing sound for event: minecraft:entity.turtle.lay_egg
[21:31:19] [Render thread/WARN]: Missing sound for event: minecraft:entity.turtle.shamble
[21:31:19] [Render thread/WARN]: Missing sound for event: minecraft:entity.turtle.shamble_baby
[21:31:19] [Render thread/WARN]: Missing sound for event: minecraft:entity.turtle.swim
[21:31:19] [Render thread/WARN]: Missing sound for event: minecraft:ui.button.click
[21:31:19] [Render thread/WARN]: Missing sound for event: minecraft:ui.loom.select_pattern
[21:31:19] [Render thread/WARN]: Missing sound for event: minecraft:ui.loom.take_result
[21:31:19] [Render thread/WARN]: Missing sound for event: minecraft:ui.cartography_table.take_result
[21:31:19] [Render thread/WARN]: Missing sound for event: minecraft:ui.stonecutter.take_result
[21:31:19] [Render thread/WARN]: Missing sound for event: minecraft:ui.stonecutter.select_recipe
[21:31:19] [Render thread/WARN]: Missing sound for event: minecraft:ui.toast.challenge_complete
[21:31:19] [Render thread/WARN]: Missing sound for event: minecraft:ui.toast.in
[21:31:19] [Render thread/WARN]: Missing sound for event: minecraft:ui.toast.out
[21:31:19] [Render thread/WARN]: Missing sound for event: minecraft:block.vault.activate
[21:31:19] [Render thread/WARN]: Missing sound for event: minecraft:block.vault.ambient
[21:31:19] [Render thread/WARN]: Missing sound for event: minecraft:block.vault.break
[21:31:19] [Render thread/WARN]: Missing sound for event: minecraft:block.vault.close_shutter
[21:31:19] [Render thread/WARN]: Missing sound for event: minecraft:block.vault.deactivate
[21:31:19] [Render thread/WARN]: Missing sound for event: minecraft:block.vault.eject_item
[21:31:19] [Render thread/WARN]: Missing sound for event: minecraft:block.vault.reject_rewarded_player
[21:31:19] [Render thread/WARN]: Missing sound for event: minecraft:block.vault.fall
[21:31:19] [Render thread/WARN]: Missing sound for event: minecraft:block.vault.hit
[21:31:19] [Render thread/WARN]: Missing sound for event: minecraft:block.vault.insert_item
[21:31:19] [Render thread/WARN]: Missing sound for event: minecraft:block.vault.insert_item_fail
[21:31:19] [Render thread/WARN]: Missing sound for event: minecraft:block.vault.open_shutter
[21:31:19] [Render thread/WARN]: Missing sound for event: minecraft:block.vault.place
[21:31:19] [Render thread/WARN]: Missing sound for event: minecraft:block.vault.step
[21:31:19] [Render thread/WARN]: Missing sound for event: minecraft:entity.vex.ambient
[21:31:19] [Render thread/WARN]: Missing sound for event: minecraft:entity.vex.charge
[21:31:19] [Render thread/WARN]: Missing sound for event: minecraft:entity.vex.death
[21:31:19] [Render thread/WARN]: Missing sound for event: minecraft:entity.vex.hurt
[21:31:19] [Render thread/WARN]: Missing sound for event: minecraft:entity.villager.ambient
[21:31:19] [Render thread/WARN]: Missing sound for event: minecraft:entity.villager.celebrate
[21:31:19] [Render thread/WARN]: Missing sound for event: minecraft:entity.villager.death
[21:31:19] [Render thread/WARN]: Missing sound for event: minecraft:entity.villager.hurt
[21:31:19] [Render thread/WARN]: Missing sound for event: minecraft:entity.villager.no
[21:31:19] [Render thread/WARN]: Missing sound for event: minecraft:entity.villager.trade
[21:31:19] [Render thread/WARN]: Missing sound for event: minecraft:entity.villager.yes
[21:31:19] [Render thread/WARN]: Missing sound for event: minecraft:entity.villager.work_armorer
[21:31:19] [Render thread/WARN]: Missing sound for event: minecraft:entity.villager.work_butcher
[21:31:19] [Render thread/WARN]: Missing sound for event: minecraft:entity.villager.work_cartographer
[21:31:19] [Render thread/WARN]: Missing sound for event: minecraft:entity.villager.work_cleric
[21:31:19] [Render thread/WARN]: Missing sound for event: minecraft:entity.villager.work_farmer
[21:31:19] [Render thread/WARN]: Missing sound for event: minecraft:entity.villager.work_fisherman
[21:31:19] [Render thread/WARN]: Missing sound for event: minecraft:entity.villager.work_fletcher
[21:31:19] [Render thread/WARN]: Missing sound for event: minecraft:entity.villager.work_leatherworker
[21:31:19] [Render thread/WARN]: Missing sound for event: minecraft:entity.villager.work_librarian
[21:31:19] [Render thread/WARN]: Missing sound for event: minecraft:entity.villager.work_mason
[21:31:19] [Render thread/WARN]: Missing sound for event: minecraft:entity.villager.work_shepherd
[21:31:19] [Render thread/WARN]: Missing sound for event: minecraft:entity.villager.work_toolsmith
[21:31:19] [Render thread/WARN]: Missing sound for event: minecraft:entity.villager.work_weaponsmith
[21:31:19] [Render thread/WARN]: Missing sound for event: minecraft:entity.vindicator.ambient
[21:31:19] [Render thread/WARN]: Missing sound for event: minecraft:entity.vindicator.celebrate
[21:31:19] [Render thread/WARN]: Missing sound for event: minecraft:entity.vindicator.death
[21:31:19] [Render thread/WARN]: Missing sound for event: minecraft:entity.vindicator.hurt
[21:31:19] [Render thread/WARN]: Missing sound for event: minecraft:block.vine.break
[21:31:19] [Render thread/WARN]: Missing sound for event: minecraft:block.vine.fall
[21:31:19] [Render thread/WARN]: Missing sound for event: minecraft:block.vine.hit
[21:31:19] [Render thread/WARN]: Missing sound for event: minecraft:block.vine.place
[21:31:19] [Render thread/WARN]: Missing sound for event: minecraft:block.vine.step
[21:31:19] [Render thread/WARN]: Missing sound for event: minecraft:block.lily_pad.place
[21:31:19] [Render thread/WARN]: Missing sound for event: minecraft:entity.wandering_trader.ambient
[21:31:19] [Render thread/WARN]: Missing sound for event: minecraft:entity.wandering_trader.death
[21:31:19] [Render thread/WARN]: Missing sound for event: minecraft:entity.wandering_trader.disappeared
[21:31:19] [Render thread/WARN]: Missing sound for event: minecraft:entity.wandering_trader.drink_milk
[21:31:19] [Render thread/WARN]: Missing sound for event: minecraft:entity.wandering_trader.drink_potion
[21:31:19] [Render thread/WARN]: Missing sound for event: minecraft:entity.wandering_trader.hurt
[21:31:19] [Render thread/WARN]: Missing sound for event: minecraft:entity.wandering_trader.no
[21:31:19] [Render thread/WARN]: Missing sound for event: minecraft:entity.wandering_trader.reappeared
[21:31:19] [Render thread/WARN]: Missing sound for event: minecraft:entity.wandering_trader.trade
[21:31:19] [Render thread/WARN]: Missing sound for event: minecraft:entity.wandering_trader.yes
[21:31:19] [Render thread/WARN]: Missing sound for event: minecraft:entity.warden.agitated
[21:31:19] [Render thread/WARN]: Missing sound for event: minecraft:entity.warden.ambient
[21:31:19] [Render thread/WARN]: Missing sound for event: minecraft:entity.warden.angry
[21:31:19] [Render thread/WARN]: Missing sound for event: minecraft:entity.warden.attack_impact
[21:31:19] [Render thread/WARN]: Missing sound for event: minecraft:entity.warden.death
[21:31:19] [Render thread/WARN]: Missing sound for event: minecraft:entity.warden.dig
[21:31:19] [Render thread/WARN]: Missing sound for event: minecraft:entity.warden.emerge
[21:31:19] [Render thread/WARN]: Missing sound for event: minecraft:entity.warden.heartbeat
[21:31:19] [Render thread/WARN]: Missing sound for event: minecraft:entity.warden.hurt
[21:31:19] [Render thread/WARN]: Missing sound for event: minecraft:entity.warden.listening
[21:31:19] [Render thread/WARN]: Missing sound for event: minecraft:entity.warden.listening_angry
[21:31:19] [Render thread/WARN]: Missing sound for event: minecraft:entity.warden.nearby_close
[21:31:19] [Render thread/WARN]: Missing sound for event: minecraft:entity.warden.nearby_closer
[21:31:19] [Render thread/WARN]: Missing sound for event: minecraft:entity.warden.nearby_closest
[21:31:19] [Render thread/WARN]: Missing sound for event: minecraft:entity.warden.roar
[21:31:19] [Render thread/WARN]: Missing sound for event: minecraft:entity.warden.sniff
[21:31:19] [Render thread/WARN]: Missing sound for event: minecraft:entity.warden.sonic_boom
[21:31:19] [Render thread/WARN]: Missing sound for event: minecraft:entity.warden.sonic_charge
[21:31:19] [Render thread/WARN]: Missing sound for event: minecraft:entity.warden.step
[21:31:19] [Render thread/WARN]: Missing sound for event: minecraft:entity.warden.tendril_clicks
[21:31:19] [Render thread/WARN]: Missing sound for event: minecraft:block.hanging_sign.waxed_interact_fail
[21:31:19] [Render thread/WARN]: Missing sound for event: minecraft:block.sign.waxed_interact_fail
[21:31:19] [Render thread/WARN]: Missing sound for event: minecraft:block.water.ambient
[21:31:19] [Render thread/WARN]: Missing sound for event: minecraft:weather.rain
[21:31:19] [Render thread/WARN]: Missing sound for event: minecraft:weather.rain.above
[21:31:19] [Render thread/WARN]: Missing sound for event: minecraft:block.wet_grass.break
[21:31:19] [Render thread/WARN]: Missing sound for event: minecraft:block.wet_grass.fall
[21:31:19] [Render thread/WARN]: Missing sound for event: minecraft:block.wet_grass.hit
[21:31:19] [Render thread/WARN]: Missing sound for event: minecraft:block.wet_grass.place
[21:31:19] [Render thread/WARN]: Missing sound for event: minecraft:block.wet_grass.step
[21:31:19] [Render thread/WARN]: Missing sound for event: minecraft:block.wet_sponge.break
[21:31:19] [Render thread/WARN]: Missing sound for event: minecraft:block.wet_sponge.dries
[21:31:19] [Render thread/WARN]: Missing sound for event: minecraft:block.wet_sponge.fall
[21:31:19] [Render thread/WARN]: Missing sound for event: minecraft:block.wet_sponge.hit
[21:31:19] [Render thread/WARN]: Missing sound for event: minecraft:block.wet_sponge.place
[21:31:19] [Render thread/WARN]: Missing sound for event: minecraft:block.wet_sponge.step
[21:31:19] [Render thread/WARN]: Missing sound for event: minecraft:entity.wind_charge.wind_burst
[21:31:19] [Render thread/WARN]: Missing sound for event: minecraft:entity.wind_charge.throw
[21:31:19] [Render thread/WARN]: Missing sound for event: minecraft:entity.witch.ambient
[21:31:19] [Render thread/WARN]: Missing sound for event: minecraft:entity.witch.celebrate
[21:31:19] [Render thread/WARN]: Missing sound for event: minecraft:entity.witch.death
[21:31:19] [Render thread/WARN]: Missing sound for event: minecraft:entity.witch.drink
[21:31:19] [Render thread/WARN]: Missing sound for event: minecraft:entity.witch.hurt
[21:31:19] [Render thread/WARN]: Missing sound for event: minecraft:entity.witch.throw
[21:31:19] [Render thread/WARN]: Missing sound for event: minecraft:entity.wither.ambient
[21:31:19] [Render thread/WARN]: Missing sound for event: minecraft:entity.wither.break_block
[21:31:19] [Render thread/WARN]: Missing sound for event: minecraft:entity.wither.death
[21:31:19] [Render thread/WARN]: Missing sound for event: minecraft:entity.wither.hurt
[21:31:19] [Render thread/WARN]: Missing sound for event: minecraft:entity.wither.shoot
[21:31:19] [Render thread/WARN]: Missing sound for event: minecraft:entity.wither_skeleton.ambient
[21:31:19] [Render thread/WARN]: Missing sound for event: minecraft:entity.wither_skeleton.death
[21:31:19] [Render thread/WARN]: Missing sound for event: minecraft:entity.wither_skeleton.hurt
[21:31:19] [Render thread/WARN]: Missing sound for event: minecraft:entity.wither_skeleton.step
[21:31:19] [Render thread/WARN]: Missing sound for event: minecraft:entity.wither.spawn
[21:31:19] [Render thread/WARN]: Missing sound for event: minecraft:item.wolf_armor.break
[21:31:19] [Render thread/WARN]: Missing sound for event: minecraft:item.wolf_armor.crack
[21:31:19] [Render thread/WARN]: Missing sound for event: minecraft:item.wolf_armor.damage
[21:31:19] [Render thread/WARN]: Missing sound for event: minecraft:item.wolf_armor.repair
[21:31:19] [Render thread/WARN]: Missing sound for event: minecraft:entity.wolf.ambient
[21:31:19] [Render thread/WARN]: Missing sound for event: minecraft:entity.wolf.death
[21:31:19] [Render thread/WARN]: Missing sound for event: minecraft:entity.wolf.growl
[21:31:19] [Render thread/WARN]: Missing sound for event: minecraft:entity.wolf.howl
[21:31:19] [Render thread/WARN]: Missing sound for event: minecraft:entity.wolf.hurt
[21:31:19] [Render thread/WARN]: Missing sound for event: minecraft:entity.wolf.pant
[21:31:19] [Render thread/WARN]: Missing sound for event: minecraft:entity.wolf.shake
[21:31:19] [Render thread/WARN]: Missing sound for event: minecraft:entity.wolf.step
[21:31:19] [Render thread/WARN]: Missing sound for event: minecraft:entity.wolf.whine
[21:31:19] [Render thread/WARN]: Missing sound for event: minecraft:block.wooden_door.close
[21:31:19] [Render thread/WARN]: Missing sound for event: minecraft:block.wooden_door.open
[21:31:19] [Render thread/WARN]: Missing sound for event: minecraft:block.wooden_trapdoor.close
[21:31:19] [Render thread/WARN]: Missing sound for event: minecraft:block.wooden_trapdoor.open
[21:31:19] [Render thread/WARN]: Missing sound for event: minecraft:block.wooden_button.click_off
[21:31:19] [Render thread/WARN]: Missing sound for event: minecraft:block.wooden_button.click_on
[21:31:19] [Render thread/WARN]: Missing sound for event: minecraft:block.wooden_pressure_plate.click_off
[21:31:19] [Render thread/WARN]: Missing sound for event: minecraft:block.wooden_pressure_plate.click_on
[21:31:19] [Render thread/WARN]: Missing sound for event: minecraft:block.wood.break
[21:31:19] [Render thread/WARN]: Missing sound for event: minecraft:block.wood.fall
[21:31:19] [Render thread/WARN]: Missing sound for event: minecraft:block.wood.hit
[21:31:19] [Render thread/WARN]: Missing sound for event: minecraft:block.wood.place
[21:31:19] [Render thread/WARN]: Missing sound for event: minecraft:block.wood.step
[21:31:19] [Render thread/WARN]: Missing sound for event: minecraft:block.wool.break
[21:31:19] [Render thread/WARN]: Missing sound for event: minecraft:block.wool.fall
[21:31:19] [Render thread/WARN]: Missing sound for event: minecraft:block.wool.hit
[21:31:19] [Render thread/WARN]: Missing sound for event: minecraft:block.wool.place
[21:31:19] [Render thread/WARN]: Missing sound for event: minecraft:block.wool.step
[21:31:19] [Render thread/WARN]: Missing sound for event: minecraft:entity.zoglin.ambient
[21:31:19] [Render thread/WARN]: Missing sound for event: minecraft:entity.zoglin.angry
[21:31:19] [Render thread/WARN]: Missing sound for event: minecraft:entity.zoglin.attack
[21:31:19] [Render thread/WARN]: Missing sound for event: minecraft:entity.zoglin.death
[21:31:19] [Render thread/WARN]: Missing sound for event: minecraft:entity.zoglin.hurt
[21:31:19] [Render thread/WARN]: Missing sound for event: minecraft:entity.zoglin.step
[21:31:19] [Render thread/WARN]: Missing sound for event: minecraft:entity.zombie.ambient
[21:31:19] [Render thread/WARN]: Missing sound for event: minecraft:entity.zombie.attack_wooden_door
[21:31:19] [Render thread/WARN]: Missing sound for event: minecraft:entity.zombie.attack_iron_door
[21:31:19] [Render thread/WARN]: Missing sound for event: minecraft:entity.zombie.break_wooden_door
[21:31:19] [Render thread/WARN]: Missing sound for event: minecraft:entity.zombie.converted_to_drowned
[21:31:19] [Render thread/WARN]: Missing sound for event: minecraft:entity.zombie.death
[21:31:19] [Render thread/WARN]: Missing sound for event: minecraft:entity.zombie.destroy_egg
[21:31:19] [Render thread/WARN]: Missing sound for event: minecraft:entity.zombie_horse.ambient
[21:31:19] [Render thread/WARN]: Missing sound for event: minecraft:entity.zombie_horse.death
[21:31:19] [Render thread/WARN]: Missing sound for event: minecraft:entity.zombie_horse.hurt
[21:31:19] [Render thread/WARN]: Missing sound for event: minecraft:entity.zombie.hurt
[21:31:19] [Render thread/WARN]: Missing sound for event: minecraft:entity.zombie.infect
[21:31:19] [Render thread/WARN]: Missing sound for event: minecraft:entity.zombified_piglin.ambient
[21:31:19] [Render thread/WARN]: Missing sound for event: minecraft:entity.zombified_piglin.angry
[21:31:19] [Render thread/WARN]: Missing sound for event: minecraft:entity.zombified_piglin.death
[21:31:19] [Render thread/WARN]: Missing sound for event: minecraft:entity.zombified_piglin.hurt
[21:31:19] [Render thread/WARN]: Missing sound for event: minecraft:entity.zombie.step
[21:31:19] [Render thread/WARN]: Missing sound for event: minecraft:entity.zombie_villager.ambient
[21:31:19] [Render thread/WARN]: Missing sound for event: minecraft:entity.zombie_villager.converted
[21:31:19] [Render thread/WARN]: Missing sound for event: minecraft:entity.zombie_villager.cure
[21:31:19] [Render thread/WARN]: Missing sound for event: minecraft:entity.zombie_villager.death
[21:31:19] [Render thread/WARN]: Missing sound for event: minecraft:entity.zombie_villager.hurt
[21:31:19] [Render thread/WARN]: Missing sound for event: minecraft:entity.zombie_villager.step
[21:31:19] [Render thread/WARN]: Missing sound for event: minecraft:event.mob_effect.bad_omen
[21:31:19] [Render thread/WARN]: Missing sound for event: minecraft:event.mob_effect.trial_omen
[21:31:19] [Render thread/WARN]: Missing sound for event: minecraft:event.mob_effect.raid_omen
[21:31:19] [Render thread/INFO]: OpenAL initialized on device OpenAL Soft on Speakers (Realtek(R) Audio)
[21:31:19] [Render thread/INFO]: Sound engine started
[21:31:19] [Render thread/INFO]: Created: 1024x512x4 minecraft:textures/atlas/blocks.png-atlas
[21:31:21] [Render thread/INFO]: Created: 256x256x4 minecraft:textures/atlas/signs.png-atlas
[21:31:21] [Render thread/INFO]: Created: 512x512x4 minecraft:textures/atlas/banner_patterns.png-atlas
[21:31:21] [Render thread/INFO]: Created: 512x512x4 minecraft:textures/atlas/shield_patterns.png-atlas
[21:31:21] [Render thread/INFO]: Created: 2048x1024x4 minecraft:textures/atlas/armor_trims.png-atlas
[21:31:25] [Render thread/INFO]: Created: 128x64x4 minecraft:textures/atlas/decorated_pot.png-atlas
[21:31:25] [Render thread/INFO]: Created: 256x256x4 minecraft:textures/atlas/chest.png-atlas
[21:31:25] [Render thread/INFO]: Created: 512x256x4 minecraft:textures/atlas/shulker_boxes.png-atlas
[21:31:25] [Render thread/INFO]: Created: 512x256x4 minecraft:textures/atlas/beds.png-atlas
[21:31:25] [Render thread/INFO]: Created: 64x64x0 minecraft:textures/atlas/map_decorations.png-atlas
[21:31:25] [Render thread/INFO]: Created: 512x256x0 minecraft:textures/atlas/particles.png-atlas
[21:31:25] [Render thread/INFO]: Created: 512x256x0 minecraft:textures/atlas/paintings.png-atlas
[21:31:25] [Render thread/INFO]: Created: 256x128x0 minecraft:textures/atlas/mob_effects.png-atlas
[21:31:25] [Render thread/INFO]: Created: 1024x512x0 minecraft:textures/atlas/gui.png-atlas
[21:31:57] [Render thread/INFO]: Connecting to reallyworld.me, 25565
[21:31:58] [Render thread/INFO]: [STDOUT]: World seems to be a replay. Not loading Baritone cache.
[21:31:58] [Render thread/INFO]: [System] [CHAT] \n\n\n\n\n\n\n\n\n\n\n\n\n\n\n\n\n\n\n\n\n\n\n\n\n\n\n\n\n\n
[21:31:58] [Render thread/INFO]: [STDOUT]: Retrying to load Baritone cache
[21:31:58] [Render thread/INFO]: [STDOUT]: Baritone world data dir: C:\AirDLC\baritone\reallyworld.me\minecraft\overworld_256
[21:31:58] [Render thread/INFO]: [STDOUT]: Cached world directory: C:\AirDLC\baritone\reallyworld.me\minecraft\overworld_256\cache
[21:31:58] [Render thread/INFO]: [STDOUT]: Would save waypoints to C:\AirDLC\baritone\reallyworld.me\minecraft\overworld_256\waypoints
[21:32:04] [Worker-Main-8/WARN]: Couldn't look up Ely profile properties for Player
com.mojang.authlib.exceptions.MinecraftClientException: Failed to read from http://skinsystem.ely.by/profile/Player due to Read timed out
	at knot/com.mojang.authlib.minecraft.client.MinecraftClient.readInputStream(MinecraftClient.java:111) ~[authlib-6.0.57-ely.5.jar:?]
	at knot/com.mojang.authlib.minecraft.client.MinecraftClient.get(MinecraftClient.java:56) ~[authlib-6.0.57-ely.5.jar:?]
	at knot/by.ely.authlib.ElyProfileService.getElyProperties(ElyProfileService.java:36) ~[authlib-6.0.57-ely.5.jar:?]
	at knot/com.mojang.authlib.yggdrasil.YggdrasilMinecraftSessionService.unpackTextures(YggdrasilMinecraftSessionService.java:142) ~[authlib-6.0.57-ely.5.jar:?]
	at knot/net.minecraft.class_1071$1.method_54647(class_1071.java:55) ~[client-intermediary.jar:?]
	at java.base/java.util.concurrent.CompletableFuture$AsyncSupply.run(CompletableFuture.java:1768) [?:?]
	at java.base/java.util.concurrent.CompletableFuture$AsyncSupply.exec(CompletableFuture.java:1760) [?:?]
	at java.base/java.util.concurrent.ForkJoinTask.doExec(ForkJoinTask.java:387) [?:?]
	at java.base/java.util.concurrent.ForkJoinPool$WorkQueue.topLevelExec(ForkJoinPool.java:1312) [?:?]
	at java.base/java.util.concurrent.ForkJoinPool.scan(ForkJoinPool.java:1843) [?:?]
	at java.base/java.util.concurrent.ForkJoinPool.runWorker(ForkJoinPool.java:1808) [?:?]
	at java.base/java.util.concurrent.ForkJoinWorkerThread.run(ForkJoinWorkerThread.java:188) [?:?]
Caused by: java.net.SocketTimeoutException: Read timed out
	at java.base/sun.nio.ch.NioSocketImpl.timedRead(NioSocketImpl.java:278) ~[?:?]
	at java.base/sun.nio.ch.NioSocketImpl.implRead(NioSocketImpl.java:304) ~[?:?]
	at java.base/sun.nio.ch.NioSocketImpl.read(NioSocketImpl.java:346) ~[?:?]
	at java.base/sun.nio.ch.NioSocketImpl$1.read(NioSocketImpl.java:796) ~[?:?]
	at java.base/java.net.Socket$SocketInputStream.read(Socket.java:1099) ~[?:?]
	at java.base/java.io.BufferedInputStream.fill(BufferedInputStream.java:291) ~[?:?]
	at java.base/java.io.BufferedInputStream.read1(BufferedInputStream.java:347) ~[?:?]
	at java.base/java.io.BufferedInputStream.implRead(BufferedInputStream.java:420) ~[?:?]
	at java.base/java.io.BufferedInputStream.read(BufferedInputStream.java:399) ~[?:?]
	at java.base/sun.net.www.http.HttpClient.parseHTTPHeader(HttpClient.java:827) ~[?:?]
	at java.base/sun.net.www.http.HttpClient.parseHTTP(HttpClient.java:759) ~[?:?]
	at java.base/sun.net.www.protocol.http.HttpURLConnection.getInputStream0(HttpURLConnection.java:1720) ~[?:?]
	at java.base/sun.net.www.protocol.http.HttpURLConnection.getInputStream(HttpURLConnection.java:1629) ~[?:?]
	at java.base/java.net.HttpURLConnection.getResponseCode(HttpURLConnection.java:531) ~[?:?]
	at knot/com.mojang.authlib.minecraft.client.MinecraftClient.readInputStream(MinecraftClient.java:82) ~[authlib-6.0.57-ely.5.jar:?]
	... 11 more
[21:32:06] [Render thread/WARN]: Client disconnected with reason: §cНеверный регистр ника! Используйте: player
[21:32:28] [pool-8-thread-2/INFO]: [STDOUT]: Saving region -1,0 to disk C:\AirDLC\baritone\reallyworld.me\minecraft\overworld_256\cache
[21:32:28] [ForkJoinPool.commonPool-worker-4/INFO]: [STDOUT]: Saving region 0,0 to disk C:\AirDLC\baritone\reallyworld.me\minecraft\overworld_256\cache
[21:32:28] [ForkJoinPool.commonPool-worker-3/INFO]: [STDOUT]: Saving region -1,-1 to disk C:\AirDLC\baritone\reallyworld.me\minecraft\overworld_256\cache
[21:32:28] [ForkJoinPool.commonPool-worker-2/INFO]: [STDOUT]: Saving region 0,-1 to disk C:\AirDLC\baritone\reallyworld.me\minecraft\overworld_256\cache
[21:32:28] [pool-8-thread-2/INFO]: [STDOUT]: Saved region successfully
[21:32:28] [ForkJoinPool.commonPool-worker-3/INFO]: [STDOUT]: Saved region successfully
[21:32:28] [ForkJoinPool.commonPool-worker-2/INFO]: [STDOUT]: Saved region successfully
[21:32:28] [ForkJoinPool.commonPool-worker-4/INFO]: [STDOUT]: Saved region successfully
[21:32:28] [pool-8-thread-2/INFO]: [STDOUT]: World save took 25ms
[21:32:28] [pool-8-thread-2/INFO]: [STDOUT]: mc.world unloaded unnoticed! Unloading Baritone cache now.
[21:32:28] [pool-8-thread-3/INFO]: [STDOUT]: Started saving the world in a new thread
[21:32:28] [pool-8-thread-3/INFO]: [STDOUT]: World save took 1ms
[21:32:42] [Render thread/INFO]: Connecting to reallyworld.me, 25565
[21:32:43] [Render thread/INFO]: [STDOUT]: World seems to be a replay. Not loading Baritone cache.
[21:32:43] [Render thread/INFO]: [System] [CHAT] \n\n\n\n\n\n\n\n\n\n\n\n\n\n\n\n\n\n\n\n\n\n\n\n\n\n\n\n\n\n
[21:32:43] [Render thread/INFO]: [STDOUT]: Retrying to load Baritone cache
[21:32:43] [Render thread/INFO]: [STDOUT]: Baritone world data dir: C:\AirDLC\baritone\reallyworld.me\minecraft\overworld_256
[21:32:51] [Render thread/WARN]: Client disconnected with reason: §cНеверный регистр ника! Используйте: player
[21:33:59] [Render thread/INFO]: Connecting to reallyworld.me, 25565
[21:33:59] [Render thread/INFO]: [STDOUT]: World seems to be a replay. Not loading Baritone cache.
[21:33:59] [pool-8-thread-4/INFO]: [STDOUT]: Started saving the world in a new thread
[21:33:59] [ForkJoinPool.commonPool-worker-4/INFO]: [STDOUT]: Saving region 0,-1 to disk C:\AirDLC\baritone\reallyworld.me\minecraft\overworld_256\cache
[21:33:59] [pool-8-thread-4/INFO]: [STDOUT]: Saving region -1,0 to disk C:\AirDLC\baritone\reallyworld.me\minecraft\overworld_256\cache
[21:33:59] [ForkJoinPool.commonPool-worker-3/INFO]: [STDOUT]: Saving region -1,-1 to disk C:\AirDLC\baritone\reallyworld.me\minecraft\overworld_256\cache
[21:33:59] [Render thread/INFO]: [System] [CHAT] \n\n\n\n\n\n\n\n\n\n\n\n\n\n\n\n\n\n\n\n\n\n\n\n\n\n\n\n\n\n
[21:33:59] [ForkJoinPool.commonPool-worker-5/INFO]: [STDOUT]: Saving region 0,0 to disk C:\AirDLC\baritone\reallyworld.me\minecraft\overworld_256\cache
[21:33:59] [ForkJoinPool.commonPool-worker-3/INFO]: [STDOUT]: Saved region successfully
[21:33:59] [ForkJoinPool.commonPool-worker-4/INFO]: [STDOUT]: Saved region successfully
[21:33:59] [pool-8-thread-4/INFO]: [STDOUT]: Saved region successfully
[21:33:59] [Render thread/INFO]: [STDOUT]: Retrying to load Baritone cache
[21:33:59] [ForkJoinPool.commonPool-worker-5/INFO]: [STDOUT]: Saved region successfully
[21:33:59] [pool-8-thread-4/INFO]: [STDOUT]: World save took 10ms
[21:33:59] [pool-8-thread-4/INFO]: [STDOUT]: Retrying to load Baritone cache
[21:33:59] [Render thread/INFO]: [STDOUT]: Baritone world data dir: C:\AirDLC\baritone\reallyworld.me\minecraft\overworld_256
[21:33:59] [pool-8-thread-4/INFO]: [STDOUT]: Baritone world data dir: C:\AirDLC\baritone\reallyworld.me\minecraft\overworld_256
[21:34:02] [Render thread/INFO]: [System] [CHAT] \n\n\n\n\n\n\n\n\n\n\n\n\n\n\n\n\n\n\n\n\n\n\n\n\n\n\n\n\n\n
[21:34:02] [Render thread/INFO]: [System] [CHAT] Captcha » Пожалуйста, пройдите дополнительную проверку\nCaptcha » 1. Перейдите на наш сайт по ссылке ниже\nCaptcha » 2. Пройдите CAPTCHA\nCaptcha » 3. Вернитесь в игру\n\nhttps://captcha.reallyworld.me/authorize/7b2e6b67-87f3-485d-8414-2a093b5ec06e (кликабельно)
[21:34:07] [Render thread/INFO]: [System] [CHAT] \n\n\n\n\n\n\n\n\n\n\n\n\n\n\n\n\n\n\n\n\n\n\n\n\n\n\n\n\n\n
[21:34:07] [Render thread/INFO]: [System] [CHAT] Captcha » Пожалуйста, пройдите дополнительную проверку\nCaptcha » 1. Перейдите на наш сайт по ссылке ниже\nCaptcha » 2. Пройдите CAPTCHA\nCaptcha » 3. Вернитесь в игру\n\nhttps://captcha.reallyworld.me/authorize/7b2e6b67-87f3-485d-8414-2a093b5ec06e (кликабельно)
[21:34:12] [Render thread/INFO]: [System] [CHAT] \n\n\n\n\n\n\n\n\n\n\n\n\n\n\n\n\n\n\n\n\n\n\n\n\n\n\n\n\n\n
[21:34:12] [Render thread/INFO]: [System] [CHAT] Captcha » Пожалуйста, пройдите дополнительную проверку\nCaptcha » 1. Перейдите на наш сайт по ссылке ниже\nCaptcha » 2. Пройдите CAPTCHA\nCaptcha » 3. Вернитесь в игру\n\nhttps://captcha.reallyworld.me/authorize/7b2e6b67-87f3-485d-8414-2a093b5ec06e (кликабельно)
[21:34:17] [Render thread/INFO]: [System] [CHAT] \n\n\n\n\n\n\n\n\n\n\n\n\n\n\n\n\n\n\n\n\n\n\n\n\n\n\n\n\n\n
[21:34:17] [Render thread/INFO]: [System] [CHAT] Captcha » Пожалуйста, пройдите дополнительную проверку\nCaptcha » 1. Перейдите на наш сайт по ссылке ниже\nCaptcha » 2. Пройдите CAPTCHA\nCaptcha » 3. Вернитесь в игру\n\nhttps://captcha.reallyworld.me/authorize/7b2e6b67-87f3-485d-8414-2a093b5ec06e (кликабельно)
[21:34:22] [Render thread/INFO]: [System] [CHAT] \n\n\n\n\n\n\n\n\n\n\n\n\n\n\n\n\n\n\n\n\n\n\n\n\n\n\n\n\n\n
[21:34:22] [Render thread/INFO]: [System] [CHAT] Captcha » Пожалуйста, пройдите дополнительную проверку\nCaptcha » 1. Перейдите на наш сайт по ссылке ниже\nCaptcha » 2. Пройдите CAPTCHA\nCaptcha » 3. Вернитесь в игру\n\nhttps://captcha.reallyworld.me/authorize/7b2e6b67-87f3-485d-8414-2a093b5ec06e (кликабельно)
[21:34:27] [Render thread/INFO]: [System] [CHAT] \n\n\n\n\n\n\n\n\n\n\n\n\n\n\n\n\n\n\n\n\n\n\n\n\n\n\n\n\n\n
[21:34:27] [Render thread/INFO]: [System] [CHAT] Captcha » Пожалуйста, пройдите дополнительную проверку\nCaptcha » 1. Перейдите на наш сайт по ссылке ниже\nCaptcha » 2. Пройдите CAPTCHA\nCaptcha » 3. Вернитесь в игру\n\nhttps://captcha.reallyworld.me/authorize/7b2e6b67-87f3-485d-8414-2a093b5ec06e (кликабельно)
[21:34:32] [Render thread/INFO]: [System] [CHAT] \n\n\n\n\n\n\n\n\n\n\n\n\n\n\n\n\n\n\n\n\n\n\n\n\n\n\n\n\n\n
[21:34:32] [Render thread/INFO]: [System] [CHAT] Captcha » Пожалуйста, пройдите дополнительную проверку\nCaptcha » 1. Перейдите на наш сайт по ссылке ниже\nCaptcha » 2. Пройдите CAPTCHA\nCaptcha » 3. Вернитесь в игру\n\nhttps://captcha.reallyworld.me/authorize/7b2e6b67-87f3-485d-8414-2a093b5ec06e (кликабельно)
[21:34:37] [Render thread/INFO]: [System] [CHAT] \n\n\n\n\n\n\n\n\n\n\n\n\n\n\n\n\n\n\n\n\n\n\n\n\n\n\n\n\n\n
[21:34:37] [Render thread/INFO]: [System] [CHAT] Captcha » Пожалуйста, пройдите дополнительную проверку\nCaptcha » 1. Перейдите на наш сайт по ссылке ниже\nCaptcha » 2. Пройдите CAPTCHA\nCaptcha » 3. Вернитесь в игру\n\nhttps://captcha.reallyworld.me/authorize/7b2e6b67-87f3-485d-8414-2a093b5ec06e (кликабельно)
[21:34:42] [Render thread/INFO]: [System] [CHAT] \n\n\n\n\n\n\n\n\n\n\n\n\n\n\n\n\n\n\n\n\n\n\n\n\n\n\n\n\n\n
[21:34:42] [Render thread/INFO]: [System] [CHAT] Captcha » Пожалуйста, пройдите дополнительную проверку\nCaptcha » 1. Перейдите на наш сайт по ссылке ниже\nCaptcha » 2. Пройдите CAPTCHA\nCaptcha » 3. Вернитесь в игру\n\nhttps://captcha.reallyworld.me/authorize/7b2e6b67-87f3-485d-8414-2a093b5ec06e (кликабельно)
[21:34:47] [Render thread/INFO]: [System] [CHAT] \n\n\n\n\n\n\n\n\n\n\n\n\n\n\n\n\n\n\n\n\n\n\n\n\n\n\n\n\n\n
[21:34:47] [Render thread/INFO]: [System] [CHAT] Captcha » Пожалуйста, пройдите дополнительную проверку\nCaptcha » 1. Перейдите на наш сайт по ссылке ниже\nCaptcha » 2. Пройдите CAPTCHA\nCaptcha » 3. Вернитесь в игру\n\nhttps://captcha.reallyworld.me/authorize/7b2e6b67-87f3-485d-8414-2a093b5ec06e (кликабельно)
[21:34:52] [Render thread/INFO]: [System] [CHAT] \n\n\n\n\n\n\n\n\n\n\n\n\n\n\n\n\n\n\n\n\n\n\n\n\n\n\n\n\n\n
[21:34:52] [Render thread/INFO]: [System] [CHAT] Captcha » Пожалуйста, пройдите дополнительную проверку\nCaptcha » 1. Перейдите на наш сайт по ссылке ниже\nCaptcha » 2. Пройдите CAPTCHA\nCaptcha » 3. Вернитесь в игру\n\nhttps://captcha.reallyworld.me/authorize/7b2e6b67-87f3-485d-8414-2a093b5ec06e (кликабельно)
[21:34:57] [Render thread/INFO]: [System] [CHAT] \n\n\n\n\n\n\n\n\n\n\n\n\n\n\n\n\n\n\n\n\n\n\n\n\n\n\n\n\n\n
[21:34:57] [Render thread/INFO]: [System] [CHAT] Captcha » Пожалуйста, пройдите дополнительную проверку\nCaptcha » 1. Перейдите на наш сайт по ссылке ниже\nCaptcha » 2. Пройдите CAPTCHA\nCaptcha » 3. Вернитесь в игру\n\nhttps://captcha.reallyworld.me/authorize/7b2e6b67-87f3-485d-8414-2a093b5ec06e (кликабельно)
[21:35:02] [Render thread/INFO]: [System] [CHAT] \n\n\n\n\n\n\n\n\n\n\n\n\n\n\n\n\n\n\n\n\n\n\n\n\n\n\n\n\n\n
[21:35:02] [Render thread/INFO]: [System] [CHAT] Captcha » Пожалуйста, пройдите дополнительную проверку\nCaptcha » 1. Перейдите на наш сайт по ссылке ниже\nCaptcha » 2. Пройдите CAPTCHA\nCaptcha » 3. Вернитесь в игру\n\nhttps://captcha.reallyworld.me/authorize/7b2e6b67-87f3-485d-8414-2a093b5ec06e (кликабельно)
[21:35:07] [Render thread/INFO]: [System] [CHAT] \n\n\n\n\n\n\n\n\n\n\n\n\n\n\n\n\n\n\n\n\n\n\n\n\n\n\n\n\n\n
[21:35:07] [Render thread/INFO]: [System] [CHAT] Captcha » Пожалуйста, пройдите дополнительную проверку\nCaptcha » 1. Перейдите на наш сайт по ссылке ниже\nCaptcha » 2. Пройдите CAPTCHA\nCaptcha » 3. Вернитесь в игру\n\nhttps://captcha.reallyworld.me/authorize/7b2e6b67-87f3-485d-8414-2a093b5ec06e (кликабельно)
[21:35:12] [Render thread/INFO]: [System] [CHAT] \n\n\n\n\n\n\n\n\n\n\n\n\n\n\n\n\n\n\n\n\n\n\n\n\n\n\n\n\n\n
[21:35:12] [Render thread/INFO]: [System] [CHAT] Captcha » Пожалуйста, пройдите дополнительную проверку\nCaptcha » 1. Перейдите на наш сайт по ссылке ниже\nCaptcha » 2. Пройдите CAPTCHA\nCaptcha » 3. Вернитесь в игру\n\nhttps://captcha.reallyworld.me/authorize/7b2e6b67-87f3-485d-8414-2a093b5ec06e (кликабельно)
[21:35:17] [Render thread/INFO]: [System] [CHAT] \n\n\n\n\n\n\n\n\n\n\n\n\n\n\n\n\n\n\n\n\n\n\n\n\n\n\n\n\n\n
[21:35:17] [Render thread/INFO]: [System] [CHAT] Captcha » Пожалуйста, пройдите дополнительную проверку\nCaptcha » 1. Перейдите на наш сайт по ссылке ниже\nCaptcha » 2. Пройдите CAPTCHA\nCaptcha » 3. Вернитесь в игру\n\nhttps://captcha.reallyworld.me/authorize/7b2e6b67-87f3-485d-8414-2a093b5ec06e (кликабельно)
[21:35:22] [Render thread/INFO]: [System] [CHAT] \n\n\n\n\n\n\n\n\n\n\n\n\n\n\n\n\n\n\n\n\n\n\n\n\n\n\n\n\n\n
[21:35:22] [Render thread/INFO]: [System] [CHAT] Captcha » Пожалуйста, пройдите дополнительную проверку\nCaptcha » 1. Перейдите на наш сайт по ссылке ниже\nCaptcha » 2. Пройдите CAPTCHA\nCaptcha » 3. Вернитесь в игру\n\nhttps://captcha.reallyworld.me/authorize/7b2e6b67-87f3-485d-8414-2a093b5ec06e (кликабельно)
[21:35:27] [Render thread/INFO]: [System] [CHAT] \n\n\n\n\n\n\n\n\n\n\n\n\n\n\n\n\n\n\n\n\n\n\n\n\n\n\n\n\n\n
[21:35:27] [Render thread/INFO]: [System] [CHAT] Captcha » Пожалуйста, пройдите дополнительную проверку\nCaptcha » 1. Перейдите на наш сайт по ссылке ниже\nCaptcha » 2. Пройдите CAPTCHA\nCaptcha » 3. Вернитесь в игру\n\nhttps://captcha.reallyworld.me/authorize/7b2e6b67-87f3-485d-8414-2a093b5ec06e (кликабельно)
[21:35:32] [Render thread/INFO]: [System] [CHAT] \n\n\n\n\n\n\n\n\n\n\n\n\n\n\n\n\n\n\n\n\n\n\n\n\n\n\n\n\n\n
[21:35:32] [Render thread/INFO]: [System] [CHAT] Captcha » Пожалуйста, пройдите дополнительную проверку\nCaptcha » 1. Перейдите на наш сайт по ссылке ниже\nCaptcha » 2. Пройдите CAPTCHA\nCaptcha » 3. Вернитесь в игру\n\nhttps://captcha.reallyworld.me/authorize/7b2e6b67-87f3-485d-8414-2a093b5ec06e (кликабельно)
[21:35:37] [Render thread/INFO]: [System] [CHAT] \n\n\n\n\n\n\n\n\n\n\n\n\n\n\n\n\n\n\n\n\n\n\n\n\n\n\n\n\n\n
[21:35:37] [Render thread/INFO]: [System] [CHAT] Captcha » Пожалуйста, пройдите дополнительную проверку\nCaptcha » 1. Перейдите на наш сайт по ссылке ниже\nCaptcha » 2. Пройдите CAPTCHA\nCaptcha » 3. Вернитесь в игру\n\nhttps://captcha.reallyworld.me/authorize/7b2e6b67-87f3-485d-8414-2a093b5ec06e (кликабельно)
[21:35:42] [Render thread/INFO]: [System] [CHAT] \n\n\n\n\n\n\n\n\n\n\n\n\n\n\n\n\n\n\n\n\n\n\n\n\n\n\n\n\n\n
[21:35:42] [Render thread/INFO]: [System] [CHAT] Captcha » Пожалуйста, пройдите дополнительную проверку\nCaptcha » 1. Перейдите на наш сайт по ссылке ниже\nCaptcha » 2. Пройдите CAPTCHA\nCaptcha » 3. Вернитесь в игру\n\nhttps://captcha.reallyworld.me/authorize/7b2e6b67-87f3-485d-8414-2a093b5ec06e (кликабельно)
[21:35:47] [Render thread/INFO]: [System] [CHAT] \n\n\n\n\n\n\n\n\n\n\n\n\n\n\n\n\n\n\n\n\n\n\n\n\n\n\n\n\n\n
[21:35:47] [Render thread/INFO]: [System] [CHAT] Captcha » Пожалуйста, пройдите дополнительную проверку\nCaptcha » 1. Перейдите на наш сайт по ссылке ниже\nCaptcha » 2. Пройдите CAPTCHA\nCaptcha » 3. Вернитесь в игру\n\nhttps://captcha.reallyworld.me/authorize/7b2e6b67-87f3-485d-8414-2a093b5ec06e (кликабельно)
[21:35:52] [Render thread/INFO]: [System] [CHAT] \n\n\n\n\n\n\n\n\n\n\n\n\n\n\n\n\n\n\n\n\n\n\n\n\n\n\n\n\n\n
[21:35:52] [Render thread/INFO]: [System] [CHAT] Captcha » Пожалуйста, пройдите дополнительную проверку\nCaptcha » 1. Перейдите на наш сайт по ссылке ниже\nCaptcha » 2. Пройдите CAPTCHA\nCaptcha » 3. Вернитесь в игру\n\nhttps://captcha.reallyworld.me/authorize/7b2e6b67-87f3-485d-8414-2a093b5ec06e (кликабельно)
[21:35:57] [Render thread/INFO]: [System] [CHAT] \n\n\n\n\n\n\n\n\n\n\n\n\n\n\n\n\n\n\n\n\n\n\n\n\n\n\n\n\n\n
[21:35:57] [Render thread/INFO]: [System] [CHAT] Captcha » Пожалуйста, пройдите дополнительную проверку\nCaptcha » 1. Перейдите на наш сайт по ссылке ниже\nCaptcha » 2. Пройдите CAPTCHA\nCaptcha » 3. Вернитесь в игру\n\nhttps://captcha.reallyworld.me/authorize/7b2e6b67-87f3-485d-8414-2a093b5ec06e (кликабельно)
[21:36:02] [Render thread/INFO]: [System] [CHAT] \n\n\n\n\n\n\n\n\n\n\n\n\n\n\n\n\n\n\n\n\n\n\n\n\n\n\n\n\n\n
[21:36:02] [Render thread/INFO]: [System] [CHAT] Captcha » Пожалуйста, пройдите дополнительную проверку\nCaptcha » 1. Перейдите на наш сайт по ссылке ниже\nCaptcha » 2. Пройдите CAPTCHA\nCaptcha » 3. Вернитесь в игру\n\nhttps://captcha.reallyworld.me/authorize/7b2e6b67-87f3-485d-8414-2a093b5ec06e (кликабельно)
[21:36:07] [Render thread/INFO]: [System] [CHAT] \n\n\n\n\n\n\n\n\n\n\n\n\n\n\n\n\n\n\n\n\n\n\n\n\n\n\n\n\n\n
[21:36:07] [Render thread/INFO]: [System] [CHAT] Captcha » Пожалуйста, пройдите дополнительную проверку\nCaptcha » 1. Перейдите на наш сайт по ссылке ниже\nCaptcha » 2. Пройдите CAPTCHA\nCaptcha » 3. Вернитесь в игру\n\nhttps://captcha.reallyworld.me/authorize/7b2e6b67-87f3-485d-8414-2a093b5ec06e (кликабельно)
[21:36:12] [Render thread/INFO]: [System] [CHAT] \n\n\n\n\n\n\n\n\n\n\n\n\n\n\n\n\n\n\n\n\n\n\n\n\n\n\n\n\n\n
[21:36:12] [Render thread/INFO]: [System] [CHAT] Captcha » Пожалуйста, пройдите дополнительную проверку\nCaptcha » 1. Перейдите на наш сайт по ссылке ниже\nCaptcha » 2. Пройдите CAPTCHA\nCaptcha » 3. Вернитесь в игру\n\nhttps://captcha.reallyworld.me/authorize/7b2e6b67-87f3-485d-8414-2a093b5ec06e (кликабельно)
[21:36:17] [Render thread/INFO]: [System] [CHAT] \n\n\n\n\n\n\n\n\n\n\n\n\n\n\n\n\n\n\n\n\n\n\n\n\n\n\n\n\n\n
[21:36:17] [Render thread/INFO]: [System] [CHAT] Captcha » Пожалуйста, пройдите дополнительную проверку\nCaptcha » 1. Перейдите на наш сайт по ссылке ниже\nCaptcha » 2. Пройдите CAPTCHA\nCaptcha » 3. Вернитесь в игру\n\nhttps://captcha.reallyworld.me/authorize/7b2e6b67-87f3-485d-8414-2a093b5ec06e (кликабельно)
[21:36:22] [Render thread/INFO]: [System] [CHAT] \n\n\n\n\n\n\n\n\n\n\n\n\n\n\n\n\n\n\n\n\n\n\n\n\n\n\n\n\n\n
[21:36:22] [Render thread/INFO]: [System] [CHAT] Captcha » Пожалуйста, пройдите дополнительную проверку\nCaptcha » 1. Перейдите на наш сайт по ссылке ниже\nCaptcha » 2. Пройдите CAPTCHA\nCaptcha » 3. Вернитесь в игру\n\nhttps://captcha.reallyworld.me/authorize/7b2e6b67-87f3-485d-8414-2a093b5ec06e (кликабельно)
[21:36:27] [Render thread/INFO]: [System] [CHAT] \n\n\n\n\n\n\n\n\n\n\n\n\n\n\n\n\n\n\n\n\n\n\n\n\n\n\n\n\n\n
[21:36:27] [Render thread/INFO]: [System] [CHAT] Captcha » Пожалуйста, пройдите дополнительную проверку\nCaptcha » 1. Перейдите на наш сайт по ссылке ниже\nCaptcha » 2. Пройдите CAPTCHA\nCaptcha » 3. Вернитесь в игру\n\nhttps://captcha.reallyworld.me/authorize/7b2e6b67-87f3-485d-8414-2a093b5ec06e (кликабельно)
[21:36:32] [Render thread/INFO]: [System] [CHAT] \n\n\n\n\n\n\n\n\n\n\n\n\n\n\n\n\n\n\n\n\n\n\n\n\n\n\n\n\n\n
[21:36:32] [Render thread/INFO]: [System] [CHAT] Captcha » Пожалуйста, пройдите дополнительную проверку\nCaptcha » 1. Перейдите на наш сайт по ссылке ниже\nCaptcha » 2. Пройдите CAPTCHA\nCaptcha » 3. Вернитесь в игру\n\nhttps://captcha.reallyworld.me/authorize/7b2e6b67-87f3-485d-8414-2a093b5ec06e (кликабельно)
[21:36:37] [Render thread/INFO]: [System] [CHAT] \n\n\n\n\n\n\n\n\n\n\n\n\n\n\n\n\n\n\n\n\n\n\n\n\n\n\n\n\n\n
[21:36:37] [Render thread/INFO]: [System] [CHAT] Captcha » Пожалуйста, пройдите дополнительную проверку\nCaptcha » 1. Перейдите на наш сайт по ссылке ниже\nCaptcha » 2. Пройдите CAPTCHA\nCaptcha » 3. Вернитесь в игру\n\nhttps://captcha.reallyworld.me/authorize/7b2e6b67-87f3-485d-8414-2a093b5ec06e (кликабельно)
[21:36:42] [Render thread/INFO]: [System] [CHAT] \n\n\n\n\n\n\n\n\n\n\n\n\n\n\n\n\n\n\n\n\n\n\n\n\n\n\n\n\n\n
[21:36:42] [Render thread/INFO]: [System] [CHAT] Captcha » Пожалуйста, пройдите дополнительную проверку\nCaptcha » 1. Перейдите на наш сайт по ссылке ниже\nCaptcha » 2. Пройдите CAPTCHA\nCaptcha » 3. Вернитесь в игру\n\nhttps://captcha.reallyworld.me/authorize/7b2e6b67-87f3-485d-8414-2a093b5ec06e (кликабельно)
[21:36:47] [Render thread/INFO]: [System] [CHAT] \n\n\n\n\n\n\n\n\n\n\n\n\n\n\n\n\n\n\n\n\n\n\n\n\n\n\n\n\n\n
[21:36:47] [Render thread/INFO]: [System] [CHAT] Captcha » Пожалуйста, пройдите дополнительную проверку\nCaptcha » 1. Перейдите на наш сайт по ссылке ниже\nCaptcha » 2. Пройдите CAPTCHA\nCaptcha » 3. Вернитесь в игру\n\nhttps://captcha.reallyworld.me/authorize/7b2e6b67-87f3-485d-8414-2a093b5ec06e (кликабельно)
[21:36:52] [Render thread/INFO]: [System] [CHAT] \n\n\n\n\n\n\n\n\n\n\n\n\n\n\n\n\n\n\n\n\n\n\n\n\n\n\n\n\n\n
[21:36:52] [Render thread/INFO]: [System] [CHAT] Captcha » Пожалуйста, пройдите дополнительную проверку\nCaptcha » 1. Перейдите на наш сайт по ссылке ниже\nCaptcha » 2. Пройдите CAPTCHA\nCaptcha » 3. Вернитесь в игру\n\nhttps://captcha.reallyworld.me/authorize/7b2e6b67-87f3-485d-8414-2a093b5ec06e (кликабельно)
[21:36:57] [Render thread/INFO]: [System] [CHAT] \n\n\n\n\n\n\n\n\n\n\n\n\n\n\n\n\n\n\n\n\n\n\n\n\n\n\n\n\n\n
[21:36:57] [Render thread/INFO]: [System] [CHAT] Captcha » Пожалуйста, пройдите дополнительную проверку\nCaptcha » 1. Перейдите на наш сайт по ссылке ниже\nCaptcha » 2. Пройдите CAPTCHA\nCaptcha » 3. Вернитесь в игру\n\nhttps://captcha.reallyworld.me/authorize/7b2e6b67-87f3-485d-8414-2a093b5ec06e (кликабельно)
[21:37:02] [Render thread/INFO]: [System] [CHAT] \n\n\n\n\n\n\n\n\n\n\n\n\n\n\n\n\n\n\n\n\n\n\n\n\n\n\n\n\n\n
[21:37:02] [Render thread/INFO]: [System] [CHAT] Captcha » Пожалуйста, пройдите дополнительную проверку\nCaptcha » 1. Перейдите на наш сайт по ссылке ниже\nCaptcha » 2. Пройдите CAPTCHA\nCaptcha » 3. Вернитесь в игру\n\nhttps://captcha.reallyworld.me/authorize/7b2e6b67-87f3-485d-8414-2a093b5ec06e (кликабельно)
[21:37:07] [Render thread/INFO]: [System] [CHAT] \n\n\n\n\n\n\n\n\n\n\n\n\n\n\n\n\n\n\n\n\n\n\n\n\n\n\n\n\n\n
[21:37:07] [Render thread/INFO]: [System] [CHAT] Captcha » Пожалуйста, пройдите дополнительную проверку\nCaptcha » 1. Перейдите на наш сайт по ссылке ниже\nCaptcha » 2. Пройдите CAPTCHA\nCaptcha » 3. Вернитесь в игру\n\nhttps://captcha.reallyworld.me/authorize/7b2e6b67-87f3-485d-8414-2a093b5ec06e (кликабельно)
[21:37:12] [Render thread/INFO]: [System] [CHAT] \n\n\n\n\n\n\n\n\n\n\n\n\n\n\n\n\n\n\n\n\n\n\n\n\n\n\n\n\n\n
[21:37:12] [Render thread/INFO]: [System] [CHAT] Captcha » Пожалуйста, пройдите дополнительную проверку\nCaptcha » 1. Перейдите на наш сайт по ссылке ниже\nCaptcha » 2. Пройдите CAPTCHA\nCaptcha » 3. Вернитесь в игру\n\nhttps://captcha.reallyworld.me/authorize/7b2e6b67-87f3-485d-8414-2a093b5ec06e (кликабельно)
[21:37:17] [Render thread/INFO]: [System] [CHAT] \n\n\n\n\n\n\n\n\n\n\n\n\n\n\n\n\n\n\n\n\n\n\n\n\n\n\n\n\n\n
[21:37:17] [Render thread/INFO]: [System] [CHAT] Captcha » Пожалуйста, пройдите дополнительную проверку\nCaptcha » 1. Перейдите на наш сайт по ссылке ниже\nCaptcha » 2. Пройдите CAPTCHA\nCaptcha » 3. Вернитесь в игру\n\nhttps://captcha.reallyworld.me/authorize/7b2e6b67-87f3-485d-8414-2a093b5ec06e (кликабельно)
[21:37:22] [Render thread/INFO]: [System] [CHAT] \n\n\n\n\n\n\n\n\n\n\n\n\n\n\n\n\n\n\n\n\n\n\n\n\n\n\n\n\n\n
[21:37:22] [Render thread/INFO]: [System] [CHAT] Captcha » Пожалуйста, пройдите дополнительную проверку\nCaptcha » 1. Перейдите на наш сайт по ссылке ниже\nCaptcha » 2. Пройдите CAPTCHA\nCaptcha » 3. Вернитесь в игру\n\nhttps://captcha.reallyworld.me/authorize/7b2e6b67-87f3-485d-8414-2a093b5ec06e (кликабельно)
[21:37:27] [Render thread/INFO]: [System] [CHAT] \n\n\n\n\n\n\n\n\n\n\n\n\n\n\n\n\n\n\n\n\n\n\n\n\n\n\n\n\n\n
[21:37:27] [Render thread/INFO]: [System] [CHAT] Captcha » Пожалуйста, пройдите дополнительную проверку\nCaptcha » 1. Перейдите на наш сайт по ссылке ниже\nCaptcha » 2. Пройдите CAPTCHA\nCaptcha » 3. Вернитесь в игру\n\nhttps://captcha.reallyworld.me/authorize/7b2e6b67-87f3-485d-8414-2a093b5ec06e (кликабельно)
[21:37:32] [Render thread/INFO]: [System] [CHAT] \n\n\n\n\n\n\n\n\n\n\n\n\n\n\n\n\n\n\n\n\n\n\n\n\n\n\n\n\n\n
[21:37:32] [Render thread/INFO]: [System] [CHAT] Captcha » Пожалуйста, пройдите дополнительную проверку\nCaptcha » 1. Перейдите на наш сайт по ссылке ниже\nCaptcha » 2. Пройдите CAPTCHA\nCaptcha » 3. Вернитесь в игру\n\nhttps://captcha.reallyworld.me/authorize/7b2e6b67-87f3-485d-8414-2a093b5ec06e (кликабельно)
[21:37:37] [Render thread/INFO]: [System] [CHAT] \n\n\n\n\n\n\n\n\n\n\n\n\n\n\n\n\n\n\n\n\n\n\n\n\n\n\n\n\n\n
[21:37:37] [Render thread/INFO]: [System] [CHAT] Captcha » Пожалуйста, пройдите дополнительную проверку\nCaptcha » 1. Перейдите на наш сайт по ссылке ниже\nCaptcha » 2. Пройдите CAPTCHA\nCaptcha » 3. Вернитесь в игру\n\nhttps://captcha.reallyworld.me/authorize/7b2e6b67-87f3-485d-8414-2a093b5ec06e (кликабельно)
[21:37:42] [Render thread/INFO]: [System] [CHAT] \n\n\n\n\n\n\n\n\n\n\n\n\n\n\n\n\n\n\n\n\n\n\n\n\n\n\n\n\n\n
[21:37:42] [Render thread/INFO]: [System] [CHAT] Captcha » Пожалуйста, пройдите дополнительную проверку\nCaptcha » 1. Перейдите на наш сайт по ссылке ниже\nCaptcha » 2. Пройдите CAPTCHA\nCaptcha » 3. Вернитесь в игру\n\nhttps://captcha.reallyworld.me/authorize/7b2e6b67-87f3-485d-8414-2a093b5ec06e (кликабельно)
[21:37:47] [Render thread/INFO]: [System] [CHAT] \n\n\n\n\n\n\n\n\n\n\n\n\n\n\n\n\n\n\n\n\n\n\n\n\n\n\n\n\n\n
[21:37:47] [Render thread/INFO]: [System] [CHAT] Captcha » Пожалуйста, пройдите дополнительную проверку\nCaptcha » 1. Перейдите на наш сайт по ссылке ниже\nCaptcha » 2. Пройдите CAPTCHA\nCaptcha » 3. Вернитесь в игру\n\nhttps://captcha.reallyworld.me/authorize/7b2e6b67-87f3-485d-8414-2a093b5ec06e (кликабельно)
[21:37:52] [Render thread/INFO]: [System] [CHAT] \n\n\n\n\n\n\n\n\n\n\n\n\n\n\n\n\n\n\n\n\n\n\n\n\n\n\n\n\n\n
[21:37:52] [Render thread/INFO]: [System] [CHAT] Captcha » Пожалуйста, пройдите дополнительную проверку\nCaptcha » 1. Перейдите на наш сайт по ссылке ниже\nCaptcha » 2. Пройдите CAPTCHA\nCaptcha » 3. Вернитесь в игру\n\nhttps://captcha.reallyworld.me/authorize/7b2e6b67-87f3-485d-8414-2a093b5ec06e (кликабельно)
[21:37:57] [Render thread/INFO]: [System] [CHAT] \n\n\n\n\n\n\n\n\n\n\n\n\n\n\n\n\n\n\n\n\n\n\n\n\n\n\n\n\n\n
[21:37:57] [Render thread/INFO]: [System] [CHAT] Captcha » Пожалуйста, пройдите дополнительную проверку\nCaptcha » 1. Перейдите на наш сайт по ссылке ниже\nCaptcha » 2. Пройдите CAPTCHA\nCaptcha » 3. Вернитесь в игру\n\nhttps://captcha.reallyworld.me/authorize/7b2e6b67-87f3-485d-8414-2a093b5ec06e (кликабельно)
[21:38:02] [Render thread/INFO]: [System] [CHAT] \n\n\n\n\n\n\n\n\n\n\n\n\n\n\n\n\n\n\n\n\n\n\n\n\n\n\n\n\n\n
[21:38:02] [Render thread/INFO]: [System] [CHAT] Captcha » Пожалуйста, пройдите дополнительную проверку\nCaptcha » 1. Перейдите на наш сайт по ссылке ниже\nCaptcha » 2. Пройдите CAPTCHA\nCaptcha » 3. Вернитесь в игру\n\nhttps://captcha.reallyworld.me/authorize/7b2e6b67-87f3-485d-8414-2a093b5ec06e (кликабельно)
[21:38:07] [Render thread/INFO]: [System] [CHAT] \n\n\n\n\n\n\n\n\n\n\n\n\n\n\n\n\n\n\n\n\n\n\n\n\n\n\n\n\n\n
[21:38:07] [Render thread/INFO]: [System] [CHAT] Captcha » Пожалуйста, пройдите дополнительную проверку\nCaptcha » 1. Перейдите на наш сайт по ссылке ниже\nCaptcha » 2. Пройдите CAPTCHA\nCaptcha » 3. Вернитесь в игру\n\nhttps://captcha.reallyworld.me/authorize/7b2e6b67-87f3-485d-8414-2a093b5ec06e (кликабельно)
[21:38:12] [Render thread/INFO]: [System] [CHAT] \n\n\n\n\n\n\n\n\n\n\n\n\n\n\n\n\n\n\n\n\n\n\n\n\n\n\n\n\n\n
[21:38:12] [Render thread/INFO]: [System] [CHAT] Captcha » Пожалуйста, пройдите дополнительную проверку\nCaptcha » 1. Перейдите на наш сайт по ссылке ниже\nCaptcha » 2. Пройдите CAPTCHA\nCaptcha » 3. Вернитесь в игру\n\nhttps://captcha.reallyworld.me/authorize/7b2e6b67-87f3-485d-8414-2a093b5ec06e (кликабельно)
[21:38:17] [Render thread/INFO]: [System] [CHAT] \n\n\n\n\n\n\n\n\n\n\n\n\n\n\n\n\n\n\n\n\n\n\n\n\n\n\n\n\n\n
[21:38:17] [Render thread/INFO]: [System] [CHAT] Captcha » Пожалуйста, пройдите дополнительную проверку\nCaptcha » 1. Перейдите на наш сайт по ссылке ниже\nCaptcha » 2. Пройдите CAPTCHA\nCaptcha » 3. Вернитесь в игру\n\nhttps://captcha.reallyworld.me/authorize/7b2e6b67-87f3-485d-8414-2a093b5ec06e (кликабельно)
[21:38:22] [Render thread/INFO]: [System] [CHAT] \n\n\n\n\n\n\n\n\n\n\n\n\n\n\n\n\n\n\n\n\n\n\n\n\n\n\n\n\n\n
[21:38:22] [Render thread/INFO]: [System] [CHAT] Captcha » Пожалуйста, пройдите дополнительную проверку\nCaptcha » 1. Перейдите на наш сайт по ссылке ниже\nCaptcha » 2. Пройдите CAPTCHA\nCaptcha » 3. Вернитесь в игру\n\nhttps://captcha.reallyworld.me/authorize/7b2e6b67-87f3-485d-8414-2a093b5ec06e (кликабельно)
[21:38:27] [Render thread/INFO]: [System] [CHAT] [Air 1.21.4] » §7Конфиг rw был успешно загружен.
[21:38:27] [Render thread/INFO]: [System] [CHAT] \n\n\n\n\n\n\n\n\n\n\n\n\n\n\n\n\n\n\n\n\n\n\n\n\n\n\n\n\n\n
[21:38:27] [Render thread/INFO]: [System] [CHAT] Captcha » Пожалуйста, пройдите дополнительную проверку\nCaptcha » 1. Перейдите на наш сайт по ссылке ниже\nCaptcha » 2. Пройдите CAPTCHA\nCaptcha » 3. Вернитесь в игру\n\nhttps://captcha.reallyworld.me/authorize/7b2e6b67-87f3-485d-8414-2a093b5ec06e (кликабельно)
[21:38:32] [Render thread/INFO]: [System] [CHAT] \n\n\n\n\n\n\n\n\n\n\n\n\n\n\n\n\n\n\n\n\n\n\n\n\n\n\n\n\n\n
[21:38:32] [Render thread/INFO]: [System] [CHAT] Captcha » Пожалуйста, пройдите дополнительную проверку\nCaptcha » 1. Перейдите на наш сайт по ссылке ниже\nCaptcha » 2. Пройдите CAPTCHA\nCaptcha » 3. Вернитесь в игру\n\nhttps://captcha.reallyworld.me/authorize/7b2e6b67-87f3-485d-8414-2a093b5ec06e (кликабельно)
[21:38:37] [Render thread/INFO]: [System] [CHAT] \n\n\n\n\n\n\n\n\n\n\n\n\n\n\n\n\n\n\n\n\n\n\n\n\n\n\n\n\n\n
[21:38:37] [Render thread/INFO]: [System] [CHAT] Captcha » Пожалуйста, пройдите дополнительную проверку\nCaptcha » 1. Перейдите на наш сайт по ссылке ниже\nCaptcha » 2. Пройдите CAPTCHA\nCaptcha » 3. Вернитесь в игру\n\nhttps://captcha.reallyworld.me/authorize/7b2e6b67-87f3-485d-8414-2a093b5ec06e (кликабельно)
[21:38:42] [Render thread/INFO]: [System] [CHAT] \n\n\n\n\n\n\n\n\n\n\n\n\n\n\n\n\n\n\n\n\n\n\n\n\n\n\n\n\n\n
[21:38:42] [Render thread/INFO]: [System] [CHAT] Captcha » Пожалуйста, пройдите дополнительную проверку\nCaptcha » 1. Перейдите на наш сайт по ссылке ниже\nCaptcha » 2. Пройдите CAPTCHA\nCaptcha » 3. Вернитесь в игру\n\nhttps://captcha.reallyworld.me/authorize/7b2e6b67-87f3-485d-8414-2a093b5ec06e (кликабельно)
[21:38:47] [Render thread/INFO]: [System] [CHAT] \n\n\n\n\n\n\n\n\n\n\n\n\n\n\n\n\n\n\n\n\n\n\n\n\n\n\n\n\n\n
[21:38:47] [Render thread/INFO]: [System] [CHAT] Captcha » Пожалуйста, пройдите дополнительную проверку\nCaptcha » 1. Перейдите на наш сайт по ссылке ниже\nCaptcha » 2. Пройдите CAPTCHA\nCaptcha » 3. Вернитесь в игру\n\nhttps://captcha.reallyworld.me/authorize/7b2e6b67-87f3-485d-8414-2a093b5ec06e (кликабельно)
[21:38:52] [Render thread/INFO]: [System] [CHAT] \n\n\n\n\n\n\n\n\n\n\n\n\n\n\n\n\n\n\n\n\n\n\n\n\n\n\n\n\n\n
[21:38:52] [Render thread/INFO]: [System] [CHAT] Captcha » Пожалуйста, пройдите дополнительную проверку\nCaptcha » 1. Перейдите на наш сайт по ссылке ниже\nCaptcha » 2. Пройдите CAPTCHA\nCaptcha » 3. Вернитесь в игру\n\nhttps://captcha.reallyworld.me/authorize/7b2e6b67-87f3-485d-8414-2a093b5ec06e (кликабельно)
[21:38:57] [Render thread/INFO]: [System] [CHAT] \n\n\n\n\n\n\n\n\n\n\n\n\n\n\n\n\n\n\n\n\n\n\n\n\n\n\n\n\n\n
[21:38:57] [Render thread/INFO]: [System] [CHAT] Captcha » Пожалуйста, пройдите дополнительную проверку\nCaptcha » 1. Перейдите на наш сайт по ссылке ниже\nCaptcha » 2. Пройдите CAPTCHA\nCaptcha » 3. Вернитесь в игру\n\nhttps://captcha.reallyworld.me/authorize/7b2e6b67-87f3-485d-8414-2a093b5ec06e (кликабельно)
[21:38:59] [Render thread/WARN]: Client disconnected with reason: Время для авторизации вышло!
[21:39:00] [Render thread/INFO]: Connecting to reallyworld.me, 25565
[21:39:01] [Render thread/WARN]: Client disconnected with reason: §cС вашего IP-адреса замечена подозрительная активность
§cВы были заблокированы на 5 минут
[21:39:11] [Render thread/WARN]: Couldn't find glyph for character ✞ (\u271e)
[21:39:11] [Render thread/WARN]: Couldn't find glyph for character ➪ (\u27aa)
[21:39:12] [Render thread/INFO]: Connecting to spookytime.net, 25565
[21:39:13] [Render thread/INFO]: [STDOUT]: World seems to be a replay. Not loading Baritone cache.
[21:39:13] [pool-8-thread-4/INFO]: [STDOUT]: Started saving the world in a new thread
[21:39:13] [pool-8-thread-4/INFO]: [STDOUT]: Saving region -1,0 to disk C:\AirDLC\baritone\reallyworld.me\minecraft\overworld_256\cache
[21:39:13] [ForkJoinPool.commonPool-worker-6/INFO]: [STDOUT]: Saving region 0,-1 to disk C:\AirDLC\baritone\reallyworld.me\minecraft\overworld_256\cache
[21:39:13] [ForkJoinPool.commonPool-worker-7/INFO]: [STDOUT]: Saving region -1,-1 to disk C:\AirDLC\baritone\reallyworld.me\minecraft\overworld_256\cache
[21:39:13] [ForkJoinPool.commonPool-worker-8/INFO]: [STDOUT]: Saving region 0,0 to disk C:\AirDLC\baritone\reallyworld.me\minecraft\overworld_256\cache
[21:39:13] [pool-8-thread-4/INFO]: [STDOUT]: Saved region successfully
[21:39:13] [ForkJoinPool.commonPool-worker-6/INFO]: [STDOUT]: Saved region successfully
[21:39:13] [Render thread/INFO]: [STDOUT]: Retrying to load Baritone cache
[21:39:13] [ForkJoinPool.commonPool-worker-7/INFO]: [STDOUT]: Saved region successfully
[21:39:13] [ForkJoinPool.commonPool-worker-8/INFO]: [STDOUT]: Saved region successfully
[21:39:13] [pool-8-thread-4/INFO]: [STDOUT]: World save took 13ms
[21:39:13] [pool-8-thread-4/INFO]: [STDOUT]: Retrying to load Baritone cache
[21:39:13] [pool-8-thread-4/INFO]: [STDOUT]: Baritone world data dir: C:\AirDLC\baritone\spookytime.net\minecraft\overworld_384
[21:39:13] [Render thread/INFO]: [STDOUT]: Baritone world data dir: C:\AirDLC\baritone\spookytime.net\minecraft\overworld_384
[21:39:13] [pool-8-thread-4/INFO]: [STDOUT]: Cached world directory: C:\AirDLC\baritone\spookytime.net\minecraft\overworld_384\cache
[21:39:13] [pool-8-thread-4/INFO]: [STDOUT]: Would save waypoints to C:\AirDLC\baritone\spookytime.net\minecraft\overworld_384\waypoints
[21:39:13] [Render thread/INFO]: [System] [CHAT] ➥ Идёт проверка, пожалуйста, подождите...
[21:39:13] [Render thread/WARN]: Couldn't find glyph for character ➥ (\u27a5)
[21:39:15] [Render thread/INFO]: [System] [CHAT] ➥ Идёт проверка, пожалуйста, подождите...
[21:39:18] [Render thread/INFO]: [System] [CHAT] ➥ Идёт проверка, пожалуйста, подождите...
[21:39:20] [Render thread/INFO]: [System] [CHAT] ➥ Идёт проверка, пожалуйста, подождите...
[21:39:20] [Render thread/INFO]: [System] [CHAT] ➥ Идёт проверка, пожалуйста, подождите...
[21:39:22] [Render thread/INFO]: [System] [CHAT] ➥ Идёт проверка, пожалуйста, подождите...
[21:39:22] [Render thread/INFO]: [System] [CHAT] ➥ Идёт проверка, пожалуйста, подождите...
[21:39:22] [Render thread/INFO]: [System] [CHAT] ➥ Вы успешно прошли проверку! :)
[21:39:22] [Render thread/INFO]: [System] [CHAT] [✾] Войдите в игру ⇝ /login <Пароль>
[21:39:22] [Render thread/WARN]: Couldn't find glyph for character ⇙ (\u21d9)
[21:39:22] [Render thread/WARN]: Couldn't find glyph for character ⇘ (\u21d8)
[21:39:22] [Render thread/WARN]: Couldn't find glyph for character ✾ (\u273e)
[21:39:22] [Render thread/WARN]: Couldn't find glyph for character ⇝ (\u21dd)
[21:39:22] [Netty Client IO #9/WARN]: Received invalid channel identifier "legacy:minecraft:brand"
[21:39:22] [Netty Client IO #9/WARN]: Received invalid channel identifier "legacy:mc|brand"
[21:39:22] [pool-8-thread-4/INFO]: [STDOUT]: Started saving the world in a new thread
[21:39:22] [Render thread/INFO]: [STDOUT]: World seems to be a replay. Not loading Baritone cache.
[21:39:22] [pool-8-thread-4/INFO]: [STDOUT]: Saving region -1,0 to disk C:\AirDLC\baritone\spookytime.net\minecraft\overworld_384\cache
[21:39:22] [ForkJoinPool.commonPool-worker-8/INFO]: [STDOUT]: Saving region 0,-1 to disk C:\AirDLC\baritone\spookytime.net\minecraft\overworld_384\cache
[21:39:22] [ForkJoinPool.commonPool-worker-6/INFO]: [STDOUT]: Saving region 0,0 to disk C:\AirDLC\baritone\spookytime.net\minecraft\overworld_384\cache
[21:39:22] [ForkJoinPool.commonPool-worker-7/INFO]: [STDOUT]: Saving region -1,-1 to disk C:\AirDLC\baritone\spookytime.net\minecraft\overworld_384\cache
[21:39:22] [pool-8-thread-4/INFO]: [STDOUT]: Saved region successfully
[21:39:22] [ForkJoinPool.commonPool-worker-7/INFO]: [STDOUT]: Saved region successfully
[21:39:22] [ForkJoinPool.commonPool-worker-8/INFO]: [STDOUT]: Saved region successfully
[21:39:22] [ForkJoinPool.commonPool-worker-6/INFO]: [STDOUT]: Saved region successfully
[21:39:22] [pool-8-thread-4/INFO]: [STDOUT]: World save took 14ms
[21:39:22] [pool-8-thread-4/INFO]: [STDOUT]: Retrying to load Baritone cache
[21:39:22] [pool-8-thread-4/INFO]: [STDOUT]: Baritone world data dir: C:\AirDLC\baritone\spookytime.net\minecraft\overworld_256
[21:39:22] [pool-8-thread-4/INFO]: [STDOUT]: Cached world directory: C:\AirDLC\baritone\spookytime.net\minecraft\overworld_256\cache
[21:39:22] [pool-8-thread-4/INFO]: [STDOUT]: Would save waypoints to C:\AirDLC\baritone\spookytime.net\minecraft\overworld_256\waypoints
[21:39:22] [Render thread/WARN]: Ignoring player info update for unknown player 18aca53e-bb60-33aa-8e4e-098feac73942 ([UPDATE_GAME_MODE])
[21:39:22] [Render thread/WARN]: Ignoring player info update for unknown player 18aca53e-bb60-33aa-8e4e-098feac73942 ([UPDATE_GAME_MODE])
[21:39:22] [Render thread/WARN]: Ignoring player info update for unknown player 18aca53e-bb60-33aa-8e4e-098feac73942 ([UPDATE_GAME_MODE])
[21:39:22] [Render thread/WARN]: Ignoring player info update for unknown player 18aca53e-bb60-33aa-8e4e-098feac73942 ([UPDATE_GAME_MODE])
[21:39:22] [Render thread/WARN]: Ignoring player info update for unknown player 18aca53e-bb60-33aa-8e4e-098feac73942 ([UPDATE_GAME_MODE])
[21:39:22] [Render thread/WARN]: Ignoring player info update for unknown player 18aca53e-bb60-33aa-8e4e-098feac73942 ([UPDATE_GAME_MODE])
[21:39:23] [Render thread/INFO]: Loaded 0 advancements
[21:39:24] [Render thread/WARN]: Ignoring player info update for unknown player 874482cf-a11c-31cc-8502-652885b45e0d ([UPDATE_GAME_MODE])
[21:39:24] [Render thread/WARN]: Ignoring player info update for unknown player 874482cf-a11c-31cc-8502-652885b45e0d ([UPDATE_GAME_MODE])
[21:39:24] [Render thread/WARN]: Ignoring player info update for unknown player 874482cf-a11c-31cc-8502-652885b45e0d ([UPDATE_GAME_MODE])
[21:39:24] [Render thread/WARN]: Ignoring player info update for unknown player 874482cf-a11c-31cc-8502-652885b45e0d ([UPDATE_GAME_MODE])
[21:39:24] [Render thread/WARN]: Ignoring player info update for unknown player 3eee8f57-05d2-3c18-85ff-9b3dd5d8f1a2 ([UPDATE_GAME_MODE])
[21:39:24] [Render thread/WARN]: Ignoring player info update for unknown player 3eee8f57-05d2-3c18-85ff-9b3dd5d8f1a2 ([UPDATE_GAME_MODE])
[21:39:24] [Render thread/WARN]: Ignoring player info update for unknown player 3eee8f57-05d2-3c18-85ff-9b3dd5d8f1a2 ([UPDATE_GAME_MODE])
[21:39:24] [Render thread/WARN]: Ignoring player info update for unknown player 3eee8f57-05d2-3c18-85ff-9b3dd5d8f1a2 ([UPDATE_GAME_MODE])
[21:39:25] [Render thread/WARN]: Ignoring player info update for unknown player 38840872-4997-3395-a834-2edf48cc0daa ([UPDATE_GAME_MODE])
[21:39:25] [Render thread/WARN]: Ignoring player info update for unknown player 38840872-4997-3395-a834-2edf48cc0daa ([UPDATE_GAME_MODE])
[21:39:25] [Render thread/WARN]: Ignoring player info update for unknown player 38840872-4997-3395-a834-2edf48cc0daa ([UPDATE_GAME_MODE])
[21:39:25] [Render thread/WARN]: Ignoring player info update for unknown player 38840872-4997-3395-a834-2edf48cc0daa ([UPDATE_GAME_MODE])
[21:39:26] [Render thread/INFO]: [System] [CHAT] [✾] Войдите в игру ⇝ /login <Пароль>
[21:39:27] [Render thread/WARN]: Ignoring player info update for unknown player 1878d011-5f99-307f-a9dd-e1564b5dc90f ([UPDATE_GAME_MODE])
[21:39:27] [Render thread/WARN]: Ignoring player info update for unknown player 1878d011-5f99-307f-a9dd-e1564b5dc90f ([UPDATE_GAME_MODE])
[21:39:31] [Render thread/INFO]: [System] [CHAT] [✾] Войдите в игру ⇝ /login <Пароль>
[21:39:36] [Render thread/INFO]: [System] [CHAT] [✾] Войдите в игру ⇝ /login <Пароль>
[21:39:40] [Render thread/WARN]: Ignoring player info update for unknown player 1184a02c-a6a9-3726-9e8d-3e3c6b8a597c ([UPDATE_GAME_MODE])
[21:39:40] [Render thread/WARN]: Ignoring player info update for unknown player 1184a02c-a6a9-3726-9e8d-3e3c6b8a597c ([UPDATE_GAME_MODE])
[21:39:40] [Render thread/WARN]: Ignoring player info update for unknown player 012bb9a4-61c8-343b-9af9-4f6c3f21113f ([UPDATE_GAME_MODE])
[21:39:40] [Render thread/WARN]: Ignoring player info update for unknown player 012bb9a4-61c8-343b-9af9-4f6c3f21113f ([UPDATE_GAME_MODE])
[21:39:41] [Render thread/INFO]: [System] [CHAT] [✾] Войдите в игру ⇝ /login <Пароль>
[21:39:43] [pool-8-thread-5/INFO]: [STDOUT]: World save took 0ms
[21:39:46] [Render thread/INFO]: [System] [CHAT] [✾] Войдите в игру ⇝ /login <Пароль>
[21:39:46] [Render thread/WARN]: Ignoring player info update for unknown player 7bf75eb9-9d35-3084-8e13-6835f5de413f ([UPDATE_GAME_MODE])
[21:39:46] [Render thread/WARN]: Ignoring player info update for unknown player 7bf75eb9-9d35-3084-8e13-6835f5de413f ([UPDATE_GAME_MODE])
[21:39:48] [Render thread/WARN]: Ignoring player info update for unknown player 12b6bbf6-d8be-3314-bc0e-9daba6bfdecc ([UPDATE_GAME_MODE])
[21:39:48] [Render thread/WARN]: Ignoring player info update for unknown player 12b6bbf6-d8be-3314-bc0e-9daba6bfdecc ([UPDATE_GAME_MODE])
[21:39:48] [Render thread/WARN]: Ignoring player info update for unknown player 12b6bbf6-d8be-3314-bc0e-9daba6bfdecc ([UPDATE_GAME_MODE])
[21:39:48] [Render thread/WARN]: Ignoring player info update for unknown player 12b6bbf6-d8be-3314-bc0e-9daba6bfdecc ([UPDATE_GAME_MODE])
[21:39:50] [Render thread/WARN]: Ignoring player info update for unknown player cb9644fa-4f9d-39f4-b76e-8db64a9c13a7 ([UPDATE_GAME_MODE])
[21:39:50] [Render thread/WARN]: Ignoring player info update for unknown player cb9644fa-4f9d-39f4-b76e-8db64a9c13a7 ([UPDATE_GAME_MODE])
[21:39:50] [Render thread/WARN]: Ignoring player info update for unknown player cb9644fa-4f9d-39f4-b76e-8db64a9c13a7 ([UPDATE_GAME_MODE])
[21:39:50] [Render thread/WARN]: Ignoring player info update for unknown player cb9644fa-4f9d-39f4-b76e-8db64a9c13a7 ([UPDATE_GAME_MODE])
[21:39:51] [Render thread/INFO]: [System] [CHAT] [✾] Войдите в игру ⇝ /login <Пароль>
[21:39:52] [Render thread/WARN]: Ignoring player info update for unknown player 9c28b7d3-7b1e-391d-9ba8-d8f852a7da10 ([UPDATE_GAME_MODE])
[21:39:52] [Render thread/WARN]: Ignoring player info update for unknown player 9c28b7d3-7b1e-391d-9ba8-d8f852a7da10 ([UPDATE_GAME_MODE])
[21:39:52] [ForkJoinPool.commonPool-worker-7/INFO]: [STDOUT]: Saving region 0,0 to disk C:\AirDLC\baritone\spookytime.net\minecraft\overworld_256\cache
[21:39:52] [pool-8-thread-7/INFO]: [STDOUT]: Saving region -1,0 to disk C:\AirDLC\baritone\spookytime.net\minecraft\overworld_256\cache
[21:39:52] [ForkJoinPool.commonPool-worker-8/INFO]: [STDOUT]: Saving region 0,-1 to disk C:\AirDLC\baritone\spookytime.net\minecraft\overworld_256\cache
[21:39:52] [ForkJoinPool.commonPool-worker-6/INFO]: [STDOUT]: Saving region -1,-1 to disk C:\AirDLC\baritone\spookytime.net\minecraft\overworld_256\cache
[21:39:52] [ForkJoinPool.commonPool-worker-7/INFO]: [STDOUT]: Saved region successfully
[21:39:52] [ForkJoinPool.commonPool-worker-8/INFO]: [STDOUT]: Saved region successfully
[21:39:52] [pool-8-thread-7/INFO]: [STDOUT]: Saved region successfully
[21:39:52] [ForkJoinPool.commonPool-worker-6/INFO]: [STDOUT]: Saved region successfully
[21:39:52] [pool-8-thread-7/INFO]: [STDOUT]: World save took 21ms
[21:39:53] [Render thread/WARN]: Ignoring player info update for unknown player 3d871a04-5e79-3e50-8080-6446de24538a ([UPDATE_GAME_MODE])
[21:39:53] [Render thread/WARN]: Ignoring player info update for unknown player 3d871a04-5e79-3e50-8080-6446de24538a ([UPDATE_GAME_MODE])
[21:39:53] [Render thread/WARN]: Ignoring player info update for unknown player 3d871a04-5e79-3e50-8080-6446de24538a ([UPDATE_GAME_MODE])
[21:39:53] [Render thread/WARN]: Ignoring player info update for unknown player 3d871a04-5e79-3e50-8080-6446de24538a ([UPDATE_GAME_MODE])
[21:39:53] [Render thread/WARN]: Ignoring player info update for unknown player 6f3f2d98-1a41-3cb7-9fbe-ad27a32ddb47 ([UPDATE_GAME_MODE])
[21:39:53] [Render thread/WARN]: Ignoring player info update for unknown player 6f3f2d98-1a41-3cb7-9fbe-ad27a32ddb47 ([UPDATE_GAME_MODE])
[21:39:53] [Render thread/WARN]: Ignoring player info update for unknown player 6f3f2d98-1a41-3cb7-9fbe-ad27a32ddb47 ([UPDATE_GAME_MODE])
[21:39:53] [Render thread/WARN]: Ignoring player info update for unknown player 6f3f2d98-1a41-3cb7-9fbe-ad27a32ddb47 ([UPDATE_GAME_MODE])
[21:39:56] [Render thread/INFO]: [System] [CHAT] [✾] Войдите в игру ⇝ /login <Пароль>
[21:39:58] [Render thread/WARN]: Ignoring player info update for unknown player a256297d-6cf7-392e-b09c-4bceee68b23b ([UPDATE_GAME_MODE])
[21:39:58] [Render thread/WARN]: Ignoring player info update for unknown player a256297d-6cf7-392e-b09c-4bceee68b23b ([UPDATE_GAME_MODE])
[21:40:01] [Render thread/INFO]: [System] [CHAT] [✾] Войдите в игру ⇝ /login <Пароль>
[21:40:06] [Render thread/INFO]: [System] [CHAT] [✾] Войдите в игру ⇝ /login <Пароль>
[21:40:07] [Render thread/WARN]: Ignoring player info update for unknown player 52e2e1db-09e2-3fe5-99a7-da9001b7a4fe ([UPDATE_GAME_MODE])
[21:40:07] [Render thread/WARN]: Ignoring player info update for unknown player 52e2e1db-09e2-3fe5-99a7-da9001b7a4fe ([UPDATE_GAME_MODE])
[21:40:07] [Render thread/WARN]: Ignoring player info update for unknown player 52e2e1db-09e2-3fe5-99a7-da9001b7a4fe ([UPDATE_GAME_MODE])
[21:40:07] [Render thread/WARN]: Ignoring player info update for unknown player 52e2e1db-09e2-3fe5-99a7-da9001b7a4fe ([UPDATE_GAME_MODE])
[21:40:10] [Render thread/WARN]: Ignoring player info update for unknown player a0eae4fe-b530-3e7e-a80b-506a374905c8 ([UPDATE_GAME_MODE])
[21:40:10] [Render thread/WARN]: Ignoring player info update for unknown player a0eae4fe-b530-3e7e-a80b-506a374905c8 ([UPDATE_GAME_MODE])
[21:40:11] [Render thread/INFO]: [System] [CHAT] [✾] Войдите в игру ⇝ /login <Пароль>
[21:40:16] [Render thread/INFO]: [System] [CHAT] [✾] Войдите в игру ⇝ /login <Пароль>
[21:40:17] [Render thread/WARN]: Ignoring player info update for unknown player 2a312d6f-c27b-325b-8788-c6102d1ebc5b ([UPDATE_GAME_MODE])
[21:40:17] [Render thread/WARN]: Ignoring player info update for unknown player 2a312d6f-c27b-325b-8788-c6102d1ebc5b ([UPDATE_GAME_MODE])
[21:40:17] [Render thread/WARN]: Ignoring player info update for unknown player 2a312d6f-c27b-325b-8788-c6102d1ebc5b ([UPDATE_GAME_MODE])
[21:40:17] [Render thread/WARN]: Ignoring player info update for unknown player 2a312d6f-c27b-325b-8788-c6102d1ebc5b ([UPDATE_GAME_MODE])
[21:40:19] [Render thread/WARN]: Ignoring player info update for unknown player 9542b7d3-8a91-3415-a481-9dd2ed2503ef ([UPDATE_GAME_MODE])
[21:40:19] [Render thread/WARN]: Ignoring player info update for unknown player 9542b7d3-8a91-3415-a481-9dd2ed2503ef ([UPDATE_GAME_MODE])
[21:40:19] [Render thread/WARN]: Ignoring player info update for unknown player 9542b7d3-8a91-3415-a481-9dd2ed2503ef ([UPDATE_GAME_MODE])
[21:40:19] [Render thread/WARN]: Ignoring player info update for unknown player 9542b7d3-8a91-3415-a481-9dd2ed2503ef ([UPDATE_GAME_MODE])
[21:40:19] [Render thread/WARN]: Ignoring player info update for unknown player 51a3749d-966d-36ab-967c-c2b4f22e150c ([UPDATE_GAME_MODE])
[21:40:19] [Render thread/WARN]: Ignoring player info update for unknown player 51a3749d-966d-36ab-967c-c2b4f22e150c ([UPDATE_GAME_MODE])
[21:40:19] [Render thread/WARN]: Ignoring player info update for unknown player 51a3749d-966d-36ab-967c-c2b4f22e150c ([UPDATE_GAME_MODE])
[21:40:19] [Render thread/WARN]: Ignoring player info update for unknown player 51a3749d-966d-36ab-967c-c2b4f22e150c ([UPDATE_GAME_MODE])
[21:40:19] [Render thread/WARN]: Ignoring player info update for unknown player 112dcfb1-8b2f-33d4-a974-cf4bea262fe4 ([UPDATE_GAME_MODE])
[21:40:19] [Render thread/WARN]: Ignoring player info update for unknown player 112dcfb1-8b2f-33d4-a974-cf4bea262fe4 ([UPDATE_GAME_MODE])
[21:40:19] [Render thread/WARN]: Ignoring player info update for unknown player 112dcfb1-8b2f-33d4-a974-cf4bea262fe4 ([UPDATE_GAME_MODE])
[21:40:19] [Render thread/WARN]: Ignoring player info update for unknown player 112dcfb1-8b2f-33d4-a974-cf4bea262fe4 ([UPDATE_GAME_MODE])
[21:40:20] [Render thread/WARN]: Ignoring player info update for unknown player 6040b6c3-bf4e-3621-8fbb-5c422ce8f84f ([UPDATE_GAME_MODE])
[21:40:20] [Render thread/WARN]: Ignoring player info update for unknown player 6040b6c3-bf4e-3621-8fbb-5c422ce8f84f ([UPDATE_GAME_MODE])
[21:40:20] [Render thread/WARN]: Ignoring player info update for unknown player 6040b6c3-bf4e-3621-8fbb-5c422ce8f84f ([UPDATE_GAME_MODE])
[21:40:20] [Render thread/WARN]: Ignoring player info update for unknown player 6040b6c3-bf4e-3621-8fbb-5c422ce8f84f ([UPDATE_GAME_MODE])
[21:40:20] [Render thread/WARN]: Ignoring player info update for unknown player 1123c008-8cc5-33cc-a54f-3e69ac916fb1 ([UPDATE_GAME_MODE])
[21:40:20] [Render thread/WARN]: Ignoring player info update for unknown player 1123c008-8cc5-33cc-a54f-3e69ac916fb1 ([UPDATE_GAME_MODE])
[21:40:21] [Render thread/INFO]: [System] [CHAT] [✾] Войдите в игру ⇝ /login <Пароль>
[21:40:21] [Render thread/WARN]: Ignoring player info update for unknown player e8a5c13e-d6c0-33ef-9651-c841c4f685a7 ([UPDATE_GAME_MODE])
[21:40:21] [Render thread/WARN]: Ignoring player info update for unknown player e8a5c13e-d6c0-33ef-9651-c841c4f685a7 ([UPDATE_GAME_MODE])
[21:40:21] [Render thread/WARN]: Ignoring player info update for unknown player e8a5c13e-d6c0-33ef-9651-c841c4f685a7 ([UPDATE_GAME_MODE])
[21:40:21] [Render thread/WARN]: Ignoring player info update for unknown player e8a5c13e-d6c0-33ef-9651-c841c4f685a7 ([UPDATE_GAME_MODE])
[21:40:22] [Render thread/WARN]: Client disconnected with reason: [✾] Вы не успели войти в игру :(
[21:40:23] [Render thread/INFO]: Connecting to spookytime.net, 25565
[21:40:24] [Render thread/INFO]: [STDOUT]: World seems to be a replay. Not loading Baritone cache.
[21:40:24] [pool-8-thread-8/INFO]: [STDOUT]: Started saving the world in a new thread
[21:40:24] [pool-8-thread-8/INFO]: [STDOUT]: World save took 0ms
[21:40:24] [pool-8-thread-8/INFO]: [STDOUT]: Retrying to load Baritone cache
[21:40:24] [Render thread/INFO]: [STDOUT]: Retrying to load Baritone cache
[21:40:24] [pool-8-thread-8/INFO]: [STDOUT]: Baritone world data dir: C:\AirDLC\baritone\spookytime.net\minecraft\overworld_384
[21:40:24] [Render thread/INFO]: [STDOUT]: Baritone world data dir: C:\AirDLC\baritone\spookytime.net\minecraft\overworld_384
[21:40:24] [Render thread/INFO]: [System] [CHAT] ➥ Идёт проверка, пожалуйста, подождите...
[21:40:25] [Render thread/INFO]: [System] [CHAT] ➥ Идёт проверка, пожалуйста, подождите...
[21:40:28] [Render thread/INFO]: [System] [CHAT] ➥ Идёт проверка, пожалуйста, подождите...
[21:40:30] [Render thread/INFO]: [System] [CHAT] ➥ Идёт проверка, пожалуйста, подождите...
[21:40:32] [Render thread/INFO]: [System] [CHAT] ➥ Идёт проверка, пожалуйста, подождите...
[21:40:33] [Render thread/INFO]: [System] [CHAT] ➥ Идёт проверка, пожалуйста, подождите...
[21:40:33] [Render thread/INFO]: [System] [CHAT] ➥ Идёт проверка, пожалуйста, подождите...
[21:40:33] [Render thread/INFO]: [System] [CHAT] ➥ Вы успешно прошли проверку! :)
[21:40:33] [Render thread/INFO]: [System] [CHAT] [✾] Войдите в игру ⇝ /login <Пароль>
[21:40:33] [Netty Client IO #10/WARN]: Received invalid channel identifier "legacy:minecraft:brand"
[21:40:33] [Netty Client IO #10/WARN]: Received invalid channel identifier "legacy:mc|brand"
[21:40:33] [Render thread/INFO]: [STDOUT]: World seems to be a replay. Not loading Baritone cache.
[21:40:33] [pool-8-thread-8/INFO]: [STDOUT]: Started saving the world in a new thread
[21:40:33] [ForkJoinPool.commonPool-worker-6/INFO]: [STDOUT]: Saving region -1,-1 to disk C:\AirDLC\baritone\spookytime.net\minecraft\overworld_384\cache
[21:40:33] [ForkJoinPool.commonPool-worker-8/INFO]: [STDOUT]: Saving region 0,-1 to disk C:\AirDLC\baritone\spookytime.net\minecraft\overworld_384\cache
[21:40:33] [pool-8-thread-8/INFO]: [STDOUT]: Saving region -1,0 to disk C:\AirDLC\baritone\spookytime.net\minecraft\overworld_384\cache
[21:40:33] [ForkJoinPool.commonPool-worker-7/INFO]: [STDOUT]: Saving region 0,0 to disk C:\AirDLC\baritone\spookytime.net\minecraft\overworld_384\cache
[21:40:33] [ForkJoinPool.commonPool-worker-6/INFO]: [STDOUT]: Saved region successfully
[21:40:33] [pool-8-thread-8/INFO]: [STDOUT]: Saved region successfully
[21:40:33] [ForkJoinPool.commonPool-worker-8/INFO]: [STDOUT]: Saved region successfully
[21:40:34] [ForkJoinPool.commonPool-worker-7/INFO]: [STDOUT]: Saved region successfully
[21:40:34] [pool-8-thread-8/INFO]: [STDOUT]: World save took 8ms
[21:40:34] [pool-8-thread-8/INFO]: [STDOUT]: Retrying to load Baritone cache
[21:40:34] [Render thread/WARN]: Ignoring player info update for unknown player 18aca53e-bb60-33aa-8e4e-098feac73942 ([UPDATE_GAME_MODE])
[21:40:34] [Render thread/WARN]: Ignoring player info update for unknown player 18aca53e-bb60-33aa-8e4e-098feac73942 ([UPDATE_GAME_MODE])
[21:40:34] [Render thread/WARN]: Ignoring player info update for unknown player 18aca53e-bb60-33aa-8e4e-098feac73942 ([UPDATE_GAME_MODE])
[21:40:34] [Render thread/WARN]: Ignoring player info update for unknown player 18aca53e-bb60-33aa-8e4e-098feac73942 ([UPDATE_GAME_MODE])
[21:40:34] [Render thread/WARN]: Ignoring player info update for unknown player 18aca53e-bb60-33aa-8e4e-098feac73942 ([UPDATE_GAME_MODE])
[21:40:34] [Render thread/WARN]: Ignoring player info update for unknown player 18aca53e-bb60-33aa-8e4e-098feac73942 ([UPDATE_GAME_MODE])
[21:40:34] [pool-8-thread-8/INFO]: [STDOUT]: Baritone world data dir: C:\AirDLC\baritone\spookytime.net\minecraft\overworld_256
[21:40:34] [Render thread/INFO]: Loaded 0 advancements
[21:40:36] [Render thread/WARN]: Ignoring player info update for unknown player cb754105-831d-357b-b726-d51de8990880 ([UPDATE_GAME_MODE])
[21:40:36] [Render thread/WARN]: Ignoring player info update for unknown player cb754105-831d-357b-b726-d51de8990880 ([UPDATE_GAME_MODE])
[21:40:36] [Render thread/WARN]: Ignoring player info update for unknown player cb754105-831d-357b-b726-d51de8990880 ([UPDATE_GAME_MODE])
[21:40:36] [Render thread/WARN]: Ignoring player info update for unknown player cb754105-831d-357b-b726-d51de8990880 ([UPDATE_GAME_MODE])
[21:40:38] [Render thread/INFO]: [System] [CHAT] [✾] Войдите в игру ⇝ /login <Пароль>
[21:40:40] [Render thread/WARN]: Ignoring player info update for unknown player bbe91cc7-1d1d-3e1d-a8bc-0998a8a399f0 ([UPDATE_GAME_MODE])
[21:40:40] [Render thread/WARN]: Ignoring player info update for unknown player bbe91cc7-1d1d-3e1d-a8bc-0998a8a399f0 ([UPDATE_GAME_MODE])
[21:40:40] [Render thread/WARN]: Ignoring player info update for unknown player bbe91cc7-1d1d-3e1d-a8bc-0998a8a399f0 ([UPDATE_GAME_MODE])
[21:40:40] [Render thread/WARN]: Ignoring player info update for unknown player bbe91cc7-1d1d-3e1d-a8bc-0998a8a399f0 ([UPDATE_GAME_MODE])
[21:40:41] [Render thread/WARN]: Ignoring player info update for unknown player 2c7dc838-b132-3b68-bf1a-f482ea860fd7 ([UPDATE_GAME_MODE])
[21:40:41] [Render thread/WARN]: Ignoring player info update for unknown player 2c7dc838-b132-3b68-bf1a-f482ea860fd7 ([UPDATE_GAME_MODE])
[21:40:43] [Render thread/INFO]: [System] [CHAT] [✾] Войдите в игру ⇝ /login <Пароль>
[21:40:46] [Render thread/WARN]: Ignoring player info update for unknown player 33e8dec8-73cd-37e2-9f32-46719bf49ba7 ([UPDATE_GAME_MODE])
[21:40:46] [Render thread/WARN]: Ignoring player info update for unknown player 33e8dec8-73cd-37e2-9f32-46719bf49ba7 ([UPDATE_GAME_MODE])
[21:40:46] [Render thread/WARN]: Ignoring player info update for unknown player c36f0f90-5c3d-368c-b202-c3e7a60f8717 ([UPDATE_GAME_MODE])
[21:40:46] [Render thread/WARN]: Ignoring player info update for unknown player c36f0f90-5c3d-368c-b202-c3e7a60f8717 ([UPDATE_GAME_MODE])
[21:40:47] [Render thread/INFO]: [System] [CHAT] [Air 1.21.4] » §7Конфиг rw был успешно сохранен.
[21:40:48] [Render thread/INFO]: [System] [CHAT] [✾] Войдите в игру ⇝ /login <Пароль>
[21:40:48] [Render thread/WARN]: Ignoring player info update for unknown player e0f324e4-d5a1-3621-aae9-e65173bcfdbb ([UPDATE_GAME_MODE])
[21:40:48] [Render thread/WARN]: Ignoring player info update for unknown player e0f324e4-d5a1-3621-aae9-e65173bcfdbb ([UPDATE_GAME_MODE])
[21:40:48] [Render thread/WARN]: Ignoring player info update for unknown player e0f324e4-d5a1-3621-aae9-e65173bcfdbb ([UPDATE_GAME_MODE])
[21:40:48] [Render thread/WARN]: Ignoring player info update for unknown player e0f324e4-d5a1-3621-aae9-e65173bcfdbb ([UPDATE_GAME_MODE])
[21:40:53] [Render thread/INFO]: [System] [CHAT] [✾] Войдите в игру ⇝ /login <Пароль>
[21:40:58] [Render thread/INFO]: [System] [CHAT] [✾] Войдите в игру ⇝ /login <Пароль>
[21:41:02] [Render thread/WARN]: Ignoring player info update for unknown player 26dfe95e-87a3-3fc5-bf75-b8e706bb348f ([UPDATE_GAME_MODE])
[21:41:02] [Render thread/WARN]: Ignoring player info update for unknown player 26dfe95e-87a3-3fc5-bf75-b8e706bb348f ([UPDATE_GAME_MODE])
[21:41:03] [Render thread/INFO]: [System] [CHAT] [✾] Войдите в игру ⇝ /login <Пароль>
[21:41:03] [Render thread/WARN]: Ignoring player info update for unknown player 017b4707-0bff-3ec3-a4d7-63a4e9ee1ecd ([UPDATE_GAME_MODE])
[21:41:03] [Render thread/WARN]: Ignoring player info update for unknown player 017b4707-0bff-3ec3-a4d7-63a4e9ee1ecd ([UPDATE_GAME_MODE])
[21:41:08] [Render thread/INFO]: [System] [CHAT] [✾] Войдите в игру ⇝ /login <Пароль>
[21:41:10] [Render thread/WARN]: Ignoring player info update for unknown player 3ee1fed9-559a-3594-8994-1049a941276d ([UPDATE_GAME_MODE])
[21:41:10] [Render thread/WARN]: Ignoring player info update for unknown player 3ee1fed9-559a-3594-8994-1049a941276d ([UPDATE_GAME_MODE])
[21:41:10] [Render thread/WARN]: Ignoring player info update for unknown player 3ee1fed9-559a-3594-8994-1049a941276d ([UPDATE_GAME_MODE])
[21:41:10] [Render thread/WARN]: Ignoring player info update for unknown player 3ee1fed9-559a-3594-8994-1049a941276d ([UPDATE_GAME_MODE])
[21:41:13] [Render thread/INFO]: [System] [CHAT] [✾] Войдите в игру ⇝ /login <Пароль>
[21:41:18] [Render thread/INFO]: [System] [CHAT] [✾] Войдите в игру ⇝ /login <Пароль>
[21:41:23] [Render thread/INFO]: [System] [CHAT] [✾] Войдите в игру ⇝ /login <Пароль>
[21:41:28] [Render thread/INFO]: [System] [CHAT] [✾] Войдите в игру ⇝ /login <Пароль>
[21:41:33] [Render thread/INFO]: [System] [CHAT] [✾] Войдите в игру ⇝ /login <Пароль>
[21:41:34] [Render thread/WARN]: Client disconnected with reason: [✾] Вы не успели войти в игру :(
[21:41:54] [Render thread/INFO]: Connecting to spookytime.net, 25565
[21:41:55] [Render thread/INFO]: [STDOUT]: World seems to be a replay. Not loading Baritone cache.
[21:41:55] [pool-8-thread-9/INFO]: [STDOUT]: Started saving the world in a new thread
[21:41:55] [pool-8-thread-9/INFO]: [STDOUT]: Saving region -1,0 to disk C:\AirDLC\baritone\spookytime.net\minecraft\overworld_256\cache
[21:41:55] [Render thread/INFO]: [STDOUT]: Retrying to load Baritone cache
[21:41:55] [ForkJoinPool.commonPool-worker-6/INFO]: [STDOUT]: Saving region 0,0 to disk C:\AirDLC\baritone\spookytime.net\minecraft\overworld_256\cache
[21:41:55] [ForkJoinPool.commonPool-worker-9/INFO]: [STDOUT]: Saving region -1,-1 to disk C:\AirDLC\baritone\spookytime.net\minecraft\overworld_256\cache
[21:41:55] [ForkJoinPool.commonPool-worker-8/INFO]: [STDOUT]: Saving region 0,-1 to disk C:\AirDLC\baritone\spookytime.net\minecraft\overworld_256\cache
[21:41:55] [Render thread/INFO]: [STDOUT]: Baritone world data dir: C:\AirDLC\baritone\spookytime.net\minecraft\overworld_384
[21:41:55] [ForkJoinPool.commonPool-worker-9/INFO]: [STDOUT]: Saved region successfully
[21:41:55] [pool-8-thread-9/INFO]: [STDOUT]: Saved region successfully
[21:41:55] [ForkJoinPool.commonPool-worker-6/INFO]: [STDOUT]: Saved region successfully
[21:41:55] [ForkJoinPool.commonPool-worker-8/INFO]: [STDOUT]: Saved region successfully
[21:41:55] [pool-8-thread-9/INFO]: [STDOUT]: World save took 16ms
[21:41:55] [Render thread/INFO]: [System] [CHAT] ➥ Идёт проверка, пожалуйста, подождите...
[21:41:56] [Render thread/INFO]: [System] [CHAT] ➥ Идёт проверка, пожалуйста, подождите...
[21:41:58] [Render thread/INFO]: [System] [CHAT] ➥ Идёт проверка, пожалуйста, подождите...
[21:42:00] [Render thread/INFO]: [System] [CHAT] ➥ Идёт проверка, пожалуйста, подождите...
[21:42:03] [Render thread/INFO]: [System] [CHAT] ➥ Идёт проверка, пожалуйста, подождите...
[21:42:04] [Render thread/INFO]: [System] [CHAT] ➥ Идёт проверка, пожалуйста, подождите...
[21:42:04] [Render thread/INFO]: [System] [CHAT] ➥ Идёт проверка, пожалуйста, подождите...
[21:42:04] [Render thread/INFO]: [System] [CHAT] ➥ Вы успешно прошли проверку! :)
[21:42:04] [Render thread/INFO]: [System] [CHAT] [✾] Войдите в игру ⇝ /login <Пароль>
[21:42:04] [Netty Client IO #11/WARN]: Received invalid channel identifier "legacy:minecraft:brand"
[21:42:04] [Netty Client IO #11/WARN]: Received invalid channel identifier "legacy:mc|brand"
[21:42:04] [Render thread/INFO]: [STDOUT]: World seems to be a replay. Not loading Baritone cache.
[21:42:04] [pool-8-thread-9/INFO]: [STDOUT]: Started saving the world in a new thread
[21:42:04] [pool-8-thread-9/INFO]: [STDOUT]: Saving region -1,0 to disk C:\AirDLC\baritone\spookytime.net\minecraft\overworld_384\cache
[21:42:04] [ForkJoinPool.commonPool-worker-6/INFO]: [STDOUT]: Saving region -1,-1 to disk C:\AirDLC\baritone\spookytime.net\minecraft\overworld_384\cache
[21:42:04] [ForkJoinPool.commonPool-worker-9/INFO]: [STDOUT]: Saving region 0,0 to disk C:\AirDLC\baritone\spookytime.net\minecraft\overworld_384\cache
[21:42:04] [ForkJoinPool.commonPool-worker-8/INFO]: [STDOUT]: Saving region 0,-1 to disk C:\AirDLC\baritone\spookytime.net\minecraft\overworld_384\cache
[21:42:04] [pool-8-thread-9/INFO]: [STDOUT]: Saved region successfully
[21:42:04] [ForkJoinPool.commonPool-worker-6/INFO]: [STDOUT]: Saved region successfully
[21:42:04] [ForkJoinPool.commonPool-worker-8/INFO]: [STDOUT]: Saved region successfully
[21:42:04] [Render thread/WARN]: Ignoring player info update for unknown player 18aca53e-bb60-33aa-8e4e-098feac73942 ([UPDATE_GAME_MODE])
[21:42:04] [Render thread/WARN]: Ignoring player info update for unknown player 18aca53e-bb60-33aa-8e4e-098feac73942 ([UPDATE_GAME_MODE])
[21:42:04] [Render thread/WARN]: Ignoring player info update for unknown player 18aca53e-bb60-33aa-8e4e-098feac73942 ([UPDATE_GAME_MODE])
[21:42:04] [ForkJoinPool.commonPool-worker-9/INFO]: [STDOUT]: Saved region successfully
[21:42:04] [Render thread/WARN]: Ignoring player info update for unknown player 18aca53e-bb60-33aa-8e4e-098feac73942 ([UPDATE_GAME_MODE])
[21:42:04] [pool-8-thread-9/INFO]: [STDOUT]: World save took 7ms
[21:42:04] [pool-8-thread-9/INFO]: [STDOUT]: Retrying to load Baritone cache
[21:42:04] [Render thread/WARN]: Ignoring player info update for unknown player 18aca53e-bb60-33aa-8e4e-098feac73942 ([UPDATE_GAME_MODE])
[21:42:04] [Render thread/WARN]: Ignoring player info update for unknown player 18aca53e-bb60-33aa-8e4e-098feac73942 ([UPDATE_GAME_MODE])
[21:42:04] [pool-8-thread-9/INFO]: [STDOUT]: Baritone world data dir: C:\AirDLC\baritone\spookytime.net\minecraft\overworld_256
[21:42:04] [Render thread/INFO]: Loaded 0 advancements
[21:42:08] [Render thread/INFO]: [System] [CHAT] [✾] Войдите в игру ⇝ /login <Пароль>
[21:42:10] [Render thread/WARN]: Ignoring player info update for unknown player 75c15be4-e84c-3fe1-b63d-bb69fa9cc57a ([UPDATE_GAME_MODE])
[21:42:10] [Render thread/WARN]: Ignoring player info update for unknown player 75c15be4-e84c-3fe1-b63d-bb69fa9cc57a ([UPDATE_GAME_MODE])
[21:42:10] [Render thread/WARN]: Ignoring player info update for unknown player 75c15be4-e84c-3fe1-b63d-bb69fa9cc57a ([UPDATE_GAME_MODE])
[21:42:10] [Render thread/WARN]: Ignoring player info update for unknown player 75c15be4-e84c-3fe1-b63d-bb69fa9cc57a ([UPDATE_GAME_MODE])
[21:42:13] [Render thread/INFO]: [System] [CHAT] [✾] Войдите в игру ⇝ /login <Пароль>
[21:42:13] [Render thread/WARN]: Ignoring player info update for unknown player 4e2a5729-b721-3ac6-a842-2b4ca993ff9d ([UPDATE_GAME_MODE])
[21:42:13] [Render thread/WARN]: Ignoring player info update for unknown player 4e2a5729-b721-3ac6-a842-2b4ca993ff9d ([UPDATE_GAME_MODE])
[21:42:13] [Render thread/WARN]: Ignoring player info update for unknown player 4e2a5729-b721-3ac6-a842-2b4ca993ff9d ([UPDATE_GAME_MODE])
[21:42:13] [Render thread/WARN]: Ignoring player info update for unknown player 4e2a5729-b721-3ac6-a842-2b4ca993ff9d ([UPDATE_GAME_MODE])
[21:42:18] [Render thread/INFO]: [System] [CHAT] [✾] Войдите в игру ⇝ /login <Пароль>
[21:42:20] [Render thread/WARN]: Ignoring player info update for unknown player 385a7179-948b-3860-99cf-470265b67205 ([UPDATE_GAME_MODE])
[21:42:20] [Render thread/WARN]: Ignoring player info update for unknown player 385a7179-948b-3860-99cf-470265b67205 ([UPDATE_GAME_MODE])
[21:42:20] [Render thread/WARN]: Ignoring player info update for unknown player 385a7179-948b-3860-99cf-470265b67205 ([UPDATE_GAME_MODE])
[21:42:20] [Render thread/WARN]: Ignoring player info update for unknown player 385a7179-948b-3860-99cf-470265b67205 ([UPDATE_GAME_MODE])
[21:42:23] [Render thread/INFO]: [System] [CHAT] [✾] Войдите в игру ⇝ /login <Пароль>
[21:42:28] [Render thread/INFO]: [System] [CHAT] [✾] Войдите в игру ⇝ /login <Пароль>
[21:42:28] [pool-8-thread-2/INFO]: [STDOUT]: World save took 1ms
[21:42:29] [Render thread/WARN]: Ignoring player info update for unknown player 9fa9f8e3-16f6-3075-96cb-6e7f843f9758 ([UPDATE_GAME_MODE])
[21:42:29] [Render thread/WARN]: Ignoring player info update for unknown player 9fa9f8e3-16f6-3075-96cb-6e7f843f9758 ([UPDATE_GAME_MODE])
[21:42:29] [Render thread/WARN]: Ignoring player info update for unknown player 9fa9f8e3-16f6-3075-96cb-6e7f843f9758 ([UPDATE_GAME_MODE])
[21:42:29] [Render thread/WARN]: Ignoring player info update for unknown player 9fa9f8e3-16f6-3075-96cb-6e7f843f9758 ([UPDATE_GAME_MODE])
[21:42:30] [Render thread/WARN]: Ignoring player info update for unknown player fd6cab65-d88b-3961-a7da-30e0c7704381 ([UPDATE_GAME_MODE])
[21:42:30] [Render thread/WARN]: Ignoring player info update for unknown player fd6cab65-d88b-3961-a7da-30e0c7704381 ([UPDATE_GAME_MODE])
[21:42:33] [Render thread/INFO]: [System] [CHAT] [✾] Войдите в игру ⇝ /login <Пароль>
[21:42:38] [Render thread/INFO]: [System] [CHAT] [✾] Войдите в игру ⇝ /login <Пароль>
[21:42:39] [Render thread/WARN]: Ignoring player info update for unknown player a9c9f47c-27be-36db-8c42-cbd26012ed08 ([UPDATE_GAME_MODE])
[21:42:39] [Render thread/WARN]: Ignoring player info update for unknown player a9c9f47c-27be-36db-8c42-cbd26012ed08 ([UPDATE_GAME_MODE])
[21:42:43] [Render thread/INFO]: [System] [CHAT] [✾] Войдите в игру ⇝ /login <Пароль>
[21:42:48] [Render thread/INFO]: [System] [CHAT] [✾] Войдите в игру ⇝ /login <Пароль>
[21:42:48] [Render thread/WARN]: Ignoring player info update for unknown player 7f2935f8-5fb8-3398-ba41-459963e20079 ([UPDATE_GAME_MODE])
[21:42:48] [Render thread/WARN]: Ignoring player info update for unknown player 7f2935f8-5fb8-3398-ba41-459963e20079 ([UPDATE_GAME_MODE])
[21:42:48] [Render thread/WARN]: Ignoring player info update for unknown player 7f2935f8-5fb8-3398-ba41-459963e20079 ([UPDATE_GAME_MODE])
[21:42:48] [Render thread/WARN]: Ignoring player info update for unknown player 7f2935f8-5fb8-3398-ba41-459963e20079 ([UPDATE_GAME_MODE])
[21:42:51] [Render thread/WARN]: Ignoring player info update for unknown player 2f93ac2b-01ad-3d97-bfea-58ca3819d84f ([UPDATE_GAME_MODE])
[21:42:51] [Render thread/WARN]: Ignoring player info update for unknown player 2f93ac2b-01ad-3d97-bfea-58ca3819d84f ([UPDATE_GAME_MODE])
[21:42:51] [Render thread/WARN]: Ignoring player info update for unknown player e80d1844-29c4-34fe-a7df-caa14ce750cb ([UPDATE_GAME_MODE])
[21:42:51] [Render thread/WARN]: Ignoring player info update for unknown player e80d1844-29c4-34fe-a7df-caa14ce750cb ([UPDATE_GAME_MODE])
[21:42:53] [Render thread/INFO]: [System] [CHAT] [✾] Войдите в игру ⇝ /login <Пароль>
[21:42:57] [Render thread/WARN]: Ignoring player info update for unknown player 75bb8577-3ca3-335d-9d82-d490fece55ec ([UPDATE_GAME_MODE])
[21:42:57] [Render thread/WARN]: Ignoring player info update for unknown player 75bb8577-3ca3-335d-9d82-d490fece55ec ([UPDATE_GAME_MODE])
[21:42:57] [Render thread/WARN]: Ignoring player info update for unknown player 75bb8577-3ca3-335d-9d82-d490fece55ec ([UPDATE_GAME_MODE])
[21:42:57] [Render thread/WARN]: Ignoring player info update for unknown player 75bb8577-3ca3-335d-9d82-d490fece55ec ([UPDATE_GAME_MODE])
[21:42:58] [Render thread/INFO]: [System] [CHAT] [✾] Войдите в игру ⇝ /login <Пароль>
[21:43:03] [Render thread/INFO]: [System] [CHAT] [✾] Войдите в игру ⇝ /login <Пароль>
[21:43:04] [Render thread/WARN]: Client disconnected with reason: [✾] Вы не успели войти в игру :(
[21:43:40] [Render thread/INFO]: Stopping!
[21:43:40] [Render thread/INFO]: [STDOUT]: unSetup - [MacrosProcessor, CollectorProcessor, AutoBuyProcessor, CosmeticsProcessor, FriendProcessor, NotificationProcessor, ResourcePacksProcessor, StaffProcessor, ThemeProcessor, AccountProcessor, ModuleProcessor, RotationProcessor, DiscordProcessor, Draw2DProcessor, DragProcessor, Draw3DProcessor, CommandProcessor, BatchProcessor, HandlerProcessor]
